booking_id,check_in_date,check_out_date,owner_company,owner_company_country
b3c810d6-8ab9-41f5-9810-ed809d1d1c64,2024-06-20 22:12:04,2024-06-24 22:12:04,"Garcia, Hamilton and Carr",USA
e019d228-3fff-46dd-b54e-a98364a5399a,2024-12-02 01:16:23,2024-12-05 01:16:23,Campos PLC,France
42bcac75-985c-4eb9-900f-ae48cfda3ce9,2024-07-21 11:22:05,2024-07-24 11:22:05,Sheppard-Tucker,USA
b0cd14f7-5bdd-4cc1-900c-4f193b26c0ae,2024-04-11 03:57:51,2024-04-21 03:57:51,Campos PLC,France
683b7b4b-be66-4d73-b89a-1becb7898435,2024-01-25 04:29:16,2024-02-03 04:29:16,Levy Group,USA
ca678537-d032-4f4e-9135-9fbba287b00d,2024-11-08 15:24:11,2024-11-11 15:24:11,Campos PLC,France
da70ebc2-e321-45be-9d1c-acddf8094aee,2024-12-22 16:42:47,2024-12-24 16:42:47,Sheppard-Tucker,USA
ad3c2dbd-03d4-458f-ab6c-7bfc89e1dce7,2024-08-01 02:14:53,2024-08-15 02:14:53,Archer-Patel,USA
a410f1a6-81ef-4249-a70b-82fa8bcd4e66,2024-12-21 17:41:14,2024-12-29 17:41:14,"Garcia, Hamilton and Carr",USA
908f1b36-69a2-4091-a68f-76d089d7cf3d,2024-01-06 10:52:41,2024-01-08 10:52:41,Archer-Patel,USA
8ad074d5-883a-4763-b6ec-c9066ebce326,2024-02-06 05:21:24,2024-02-13 05:21:24,Archer-Patel,USA
67ca0945-b317-43e8-a1ab-095eac284eb3,2024-10-06 12:08:01,2024-10-16 12:08:01,Wagner LLC,USA
52e86f2e-c3e6-43a7-bab8-59dec1472b27,2024-11-22 06:13:03,2024-12-01 06:13:03,"Jones, Jefferson and Rivera",USA
a00f8051-673b-420c-b115-81c75d55a8ac,2024-06-03 21:18:17,2024-06-11 21:18:17,"Garcia, Hamilton and Carr",USA
e14db6f6-6c30-4d4a-9661-bea5265e51f4,2024-10-02 20:02:30,2024-10-07 20:02:30,Chang-Fisher,USA
0ea4e50d-bfa1-48df-88de-fd922ee16b04,2024-11-16 08:06:44,2024-11-29 08:06:44,"Garcia, Hamilton and Carr",USA
8f0185e0-3cac-4c52-8d05-0ebf9815de72,2024-10-31 21:10:31,2024-11-01 21:10:31,Sheppard-Tucker,USA
79ad9442-6a9b-4447-863f-36d2ef7d872e,2024-09-16 11:38:21,2024-09-28 11:38:21,"Patrick, Barrera and Collins",USA
455deb51-475b-48b8-8866-ed0fa30bc3ed,2024-08-30 19:53:59,2024-09-11 19:53:59,Chang-Fisher,USA
b169843b-26aa-4ddb-a24e-c2bd8467cc2a,2024-01-01 10:39:06,2024-01-11 10:39:06,"Jones, Jefferson and Rivera",USA
ea96db8a-3795-4fb4-a63e-b80a53e911ad,2024-08-25 15:17:39,2024-09-08 15:17:39,Archer-Patel,USA
c1612e98-5478-4bcc-bd6a-2f16d68c14a2,2024-07-10 16:28:44,2024-07-14 16:28:44,Archer-Patel,USA
3e18ef0e-8b4a-44a1-8ed2-f43435b2a2f9,2024-11-17 14:06:32,2024-11-29 14:06:32,Sheppard-Tucker,USA
11a0603f-6187-450a-acfb-d2a7758f76f7,2024-12-02 22:38:38,2024-12-06 22:38:38,Levy Group,USA
a987184f-3f36-4d56-80fb-50ec6d10747e,2024-05-09 09:02:40,2024-05-13 09:02:40,Wagner LLC,USA
62150ffd-68aa-45a3-a09b-67b85f3379d9,2024-04-04 17:24:50,2024-04-17 17:24:50,Faulkner-Howard,UK
b195c0dc-3e22-442c-a241-a6eb79d5abe5,2024-10-10 14:41:22,2024-10-23 14:41:22,"Garcia, Hamilton and Carr",USA
7d87977f-2c16-44c2-8a00-2bc195a39fea,2024-05-06 07:07:27,2024-05-14 07:07:27,Sheppard-Tucker,USA
4ff1897a-5d55-45b0-b348-90543794fac9,2024-09-30 06:25:25,2024-10-02 06:25:25,Archer-Patel,USA
5167f38c-2aeb-4353-9ee8-91008b554c99,2024-12-04 01:22:47,2024-12-13 01:22:47,"Jones, Jefferson and Rivera",USA
d25cff3a-116f-4e08-ad98-1ab85ee81557,2024-01-25 11:03:21,2024-01-27 11:03:21,Campos PLC,France
2f87e159-e1a4-49d8-b2be-6bcc569871b9,2024-03-15 04:52:27,2024-03-24 04:52:27,Campos PLC,France
849822fd-8f31-470a-88b6-3bf8f918dc11,2024-12-22 03:14:10,2024-12-31 03:14:10,Sheppard-Tucker,USA
c92879d2-952b-4a8f-9153-724c59a94985,2024-08-08 09:35:00,2024-08-17 09:35:00,Archer-Patel,USA
4065997a-d2cc-46d7-bb47-5b99901dde83,2024-03-27 02:25:48,2024-04-10 02:25:48,"Garcia, Hamilton and Carr",USA
0103002b-5628-4e29-a7cf-ef7be8a7f830,2024-04-02 16:03:41,2024-04-06 16:03:41,Levy Group,USA
77e0aa60-9740-443e-aeb4-0b2c3cea6947,2024-11-07 23:43:06,2024-11-16 23:43:06,Levy Group,USA
4b6f94f2-582d-4062-8e0b-6789e4177beb,2024-02-25 08:08:38,2024-03-01 08:08:38,"Jones, Jefferson and Rivera",USA
40ca0f02-d7cd-41f2-a73f-bd99b569e467,2024-11-07 22:10:30,2024-11-09 22:10:30,Levy Group,USA
445ff255-b0a3-4f7e-b7dd-1dfdbc6e1265,2024-07-29 21:01:59,2024-08-11 21:01:59,"Patrick, Barrera and Collins",USA
ce325eaf-0149-4ae6-b45a-e7ec7dff9ba9,2024-06-22 23:22:44,2024-06-28 23:22:44,Levy Group,USA
4515a0cc-0548-4df0-b2ec-9bee5e9be4d3,2024-02-05 10:11:39,2024-02-09 10:11:39,Campos PLC,France
aaf93eff-1484-4dae-b52b-dc575d500b24,2024-02-01 05:48:33,2024-02-04 05:48:33,Wagner LLC,USA
527b9366-2cb6-4376-90ea-349e97df7d06,2024-05-04 07:07:30,2024-05-18 07:07:30,Faulkner-Howard,UK
b9de1155-5747-44f5-b80f-bb090a45753b,2024-12-05 20:24:16,2024-12-06 20:24:16,Levy Group,USA
871e2160-d864-41d1-a2ab-27bc96d2a74a,2024-07-16 06:20:59,2024-07-27 06:20:59,Campos PLC,France
b44fdd1d-43e6-4b30-adca-f8c9ccecae11,2024-12-28 06:38:29,2024-12-31 06:38:29,Sheppard-Tucker,USA
b45c4d1f-7456-485d-a5b6-110fca61ef24,2024-07-09 00:29:00,2024-07-11 00:29:00,Faulkner-Howard,UK
f8591976-da38-42ab-b145-ca0953d319a5,2024-02-12 08:29:34,2024-02-15 08:29:34,Chang-Fisher,USA
c2120604-6070-4f93-9bc7-fc724e82e264,2024-04-27 01:41:15,2024-05-11 01:41:15,Sheppard-Tucker,USA
1e4ce4ef-077f-4018-aaef-34e13205260e,2024-08-02 02:10:59,2024-08-14 02:10:59,"Garcia, Hamilton and Carr",USA
a4cd07a8-6dad-4626-956c-2d3737c29d45,2024-04-23 01:09:42,2024-05-04 01:09:42,"Patrick, Barrera and Collins",USA
d49afabb-fff8-4aa9-b3a5-23f3bb6591e5,2024-10-01 09:37:46,2024-10-15 09:37:46,"Garcia, Hamilton and Carr",USA
370d0c97-223d-4d9e-a46c-e22c9260ba8c,2024-02-18 11:19:12,2024-02-23 11:19:12,"Garcia, Hamilton and Carr",USA
c6c5aa8c-9f9b-406e-99d2-879da0633bf3,2024-07-31 14:31:08,2024-08-13 14:31:08,Wagner LLC,USA
3278fe41-75c4-499f-97b8-f462b971b64a,2024-05-09 05:27:34,2024-05-23 05:27:34,Wagner LLC,USA
004d33cc-d31f-4d9c-8202-1efb8d2eebf1,2024-11-12 07:22:52,2024-11-23 07:22:52,Levy Group,USA
159a0902-3007-40d9-a9f5-7b3c2ca64e2b,2024-12-24 03:59:25,2024-12-31 03:59:25,"Patrick, Barrera and Collins",USA
f36ed211-a35c-41b3-9875-3cc7cc3e3ca2,2024-07-28 19:48:29,2024-08-07 19:48:29,Campos PLC,France
9475b1b2-63b5-4669-a076-4b084a058958,2024-03-19 21:58:42,2024-03-27 21:58:42,"Jones, Jefferson and Rivera",USA
100bfc26-5dbc-4748-ac9d-7a265dcf543f,2024-11-06 11:12:02,2024-11-17 11:12:02,Archer-Patel,USA
b151d688-8c3c-4970-ad3e-8a0e1d81ca6b,2024-08-22 06:05:51,2024-08-24 06:05:51,Archer-Patel,USA
a33e7775-dfc2-433e-bcdb-268f2a753b19,2024-07-31 12:33:15,2024-08-10 12:33:15,Sheppard-Tucker,USA
34da69de-ecb4-4f17-9054-74f356465580,2024-08-16 04:59:16,2024-08-24 04:59:16,Levy Group,USA
02901400-6507-46f0-b52b-dca90ad36005,2024-04-21 17:09:36,2024-05-02 17:09:36,Archer-Patel,USA
d6a9766a-ad72-44f5-a277-51acf9e3ccc8,2024-06-21 19:35:54,2024-07-05 19:35:54,Wagner LLC,USA
17ab2f25-7898-4882-bc22-09ce8eb70006,2024-02-05 14:04:22,2024-02-09 14:04:22,Chang-Fisher,USA
6f3d97b6-7367-40b4-b189-1fcbbd4573ac,2024-08-19 13:47:46,2024-08-31 13:47:46,Campos PLC,France
311d9a3b-afd2-4cd9-9380-b5dd8f71273f,2024-11-05 21:17:36,2024-11-07 21:17:36,Wagner LLC,USA
16251003-9e4a-4135-94e8-6cb987ecfd97,2024-05-29 11:32:19,2024-06-04 11:32:19,Faulkner-Howard,UK
92399c63-a6c8-4404-b3b9-274c22f2d85c,2024-05-03 03:05:26,2024-05-09 03:05:26,"Patrick, Barrera and Collins",USA
1bf2b1b1-fafb-4907-997c-7869df21cbff,2024-08-11 13:27:22,2024-08-25 13:27:22,Chang-Fisher,USA
ea91bcc1-144a-44ee-ab1d-e2d2a32ca939,2024-04-04 00:36:08,2024-04-06 00:36:08,Faulkner-Howard,UK
8be10a65-e037-4439-9595-7527a15f9927,2024-04-22 18:04:01,2024-05-06 18:04:01,Wagner LLC,USA
f35ff249-1bea-4dc7-bd58-37037ab7aa0b,2024-03-12 09:46:50,2024-03-13 09:46:50,Levy Group,USA
1c825b44-1642-4ecc-986d-4e249c33b370,2024-03-14 13:15:18,2024-03-25 13:15:18,"Garcia, Hamilton and Carr",USA
317ef6e2-09db-4e96-b6d8-50118051a3c6,2024-11-15 00:37:45,2024-11-25 00:37:45,Sheppard-Tucker,USA
16caf1e7-acf4-45f1-ae16-d6a55eb0de77,2024-03-13 12:26:43,2024-03-14 12:26:43,Sheppard-Tucker,USA
57d9398d-e99b-4f05-81d0-d5abb01072ac,2024-01-13 19:19:30,2024-01-24 19:19:30,Wagner LLC,USA
500556ae-7b0f-43b1-bb61-fa99ecc6e309,2024-08-25 23:27:35,2024-09-04 23:27:35,Levy Group,USA
05fe1fac-14cd-4093-a31c-05e7eb0260b3,2024-09-12 00:30:32,2024-09-14 00:30:32,"Patrick, Barrera and Collins",USA
7781b8d9-6903-4dc3-a27e-7824f970e33a,2024-04-10 23:53:58,2024-04-12 23:53:58,Archer-Patel,USA
b27bb164-26fb-41ab-b08a-41183130a5b6,2024-07-04 01:35:26,2024-07-18 01:35:26,Sheppard-Tucker,USA
ec1a88ab-e652-41ce-aca1-a4f49c17fc4a,2024-01-27 19:55:16,2024-01-28 19:55:16,Levy Group,USA
d38786bf-35cc-4795-9328-b4be512ad4c6,2024-02-04 21:13:25,2024-02-05 21:13:25,Wagner LLC,USA
a6dfeb4c-7903-4b72-9419-327af659d526,2024-09-20 14:09:56,2024-09-23 14:09:56,Sheppard-Tucker,USA
3c75b192-2aad-41b0-8632-50680ea1acd7,2024-10-21 05:22:49,2024-10-29 05:22:49,Wagner LLC,USA
d3107b9f-9aaa-44a6-b0dc-39552fc4333c,2024-02-20 13:46:47,2024-03-03 13:46:47,Chang-Fisher,USA
8125130f-cbbd-4051-82c9-647890ffc8da,2024-12-06 12:05:31,2024-12-17 12:05:31,Chang-Fisher,USA
9210c889-0dfd-427b-948c-1d7a7a1e479f,2024-02-28 01:54:36,2024-03-08 01:54:36,"Patrick, Barrera and Collins",USA
0e9e89a6-92e3-4bf3-963a-45751511da42,2024-12-24 14:32:05,2024-12-31 14:32:05,Sheppard-Tucker,USA
2f451827-9126-482a-a2fb-fc1ecf703807,2024-01-16 00:09:55,2024-01-30 00:09:55,Campos PLC,France
1d6e0e18-474c-4d21-9aba-e1614fab28d8,2024-11-23 04:17:54,2024-11-25 04:17:54,Wagner LLC,USA
5b85f36f-5939-4948-a129-85198ac042e5,2024-02-01 03:58:06,2024-02-03 03:58:06,Campos PLC,France
fc0f2841-52c8-44a9-aee9-f8e9edc04739,2024-12-14 19:34:48,2024-12-20 19:34:48,"Patrick, Barrera and Collins",USA
89260b9b-0bd2-402b-b7e2-9d8fe094b189,2024-09-28 14:09:39,2024-10-01 14:09:39,Chang-Fisher,USA
0ab96287-d77e-4e5d-9fa6-6033171c2da7,2024-12-24 11:45:06,2024-12-31 11:45:06,"Jones, Jefferson and Rivera",USA
a4cf7fb3-441f-4662-8124-62f6eaab7fcf,2024-11-18 02:12:12,2024-11-19 02:12:12,Levy Group,USA
9b9d1c78-2720-4591-a9d3-286fd0cf9d66,2024-07-28 22:45:23,2024-07-30 22:45:23,"Patrick, Barrera and Collins",USA
a9ec795b-54da-4c0f-aa7e-4c44e2ac4d45,2024-09-22 10:40:00,2024-09-26 10:40:00,Campos PLC,France
6d0e6a34-0b62-4bf3-a34c-13ef5adab21a,2024-05-31 23:08:36,2024-06-06 23:08:36,"Jones, Jefferson and Rivera",USA
e722b170-d6dd-46ed-a0da-2bb8daeceb60,2024-11-21 09:28:11,2024-12-05 09:28:11,Levy Group,USA
0d08e37c-679b-40df-9773-dbdec808634d,2024-09-30 21:43:03,2024-10-03 21:43:03,Wagner LLC,USA
3ad1791f-aa21-4ebc-8d68-be9addb10694,2024-07-22 17:23:00,2024-08-04 17:23:00,Chang-Fisher,USA
e10d0a29-dc98-4d4c-a825-972be7772f52,2024-04-17 01:05:46,2024-04-30 01:05:46,Faulkner-Howard,UK
297584c5-b2c3-4e7c-b690-057b09f1d71c,2024-07-21 15:26:10,2024-08-04 15:26:10,Faulkner-Howard,UK
3cfb950c-024f-4070-be83-a7559d0af939,2024-11-11 04:55:40,2024-11-17 04:55:40,"Garcia, Hamilton and Carr",USA
e17ea739-4ced-4e8d-8add-59d7ac59c6c0,2024-04-01 11:02:06,2024-04-06 11:02:06,Sheppard-Tucker,USA
6414d7ba-0bdf-4baf-a924-83a8cff14208,2024-11-25 21:46:59,2024-12-05 21:46:59,"Jones, Jefferson and Rivera",USA
f3aed04f-16ed-467b-8327-9685569c39cf,2024-03-24 13:49:17,2024-04-04 13:49:17,Faulkner-Howard,UK
92676508-609a-4769-954a-8bc075568093,2024-12-13 14:22:04,2024-12-14 14:22:04,"Jones, Jefferson and Rivera",USA
34d6278b-afdc-4d9c-90b0-cfab797bed9e,2024-09-20 21:09:36,2024-10-01 21:09:36,"Patrick, Barrera and Collins",USA
0ea2b01d-e0c7-49d2-8521-7e772a783252,2024-08-17 01:20:43,2024-08-27 01:20:43,"Garcia, Hamilton and Carr",USA
6cdbc515-4d57-4b87-9d0c-9b1f10800719,2024-11-16 12:00:41,2024-11-21 12:00:41,Archer-Patel,USA
d3077767-2e1e-4cc7-9b00-b0b40c759b4b,2024-06-11 21:18:28,2024-06-18 21:18:28,Campos PLC,France
63302e99-0a9d-48ee-aeda-25a5198dddb2,2024-08-13 03:08:56,2024-08-16 03:08:56,"Garcia, Hamilton and Carr",USA
f913fcc6-9484-42c2-8090-bd5db30395c4,2024-04-16 21:09:02,2024-04-28 21:09:02,Chang-Fisher,USA
0e6b5e3b-dc50-4e70-a49d-fc2bd7a75355,2024-06-23 23:33:09,2024-07-01 23:33:09,Sheppard-Tucker,USA
c0be7278-0a1a-494e-aba1-b1c1f107cd45,2024-07-10 07:52:51,2024-07-16 07:52:51,Chang-Fisher,USA
737736a7-81c4-47ab-b95a-6a835d8d2fcc,2024-09-13 09:55:58,2024-09-22 09:55:58,Campos PLC,France
d05741c9-9a18-438c-b4c5-bfd8b276736c,2024-09-06 00:23:15,2024-09-09 00:23:15,Wagner LLC,USA
6e1ea221-2614-42dc-a3dc-1b194eaf4800,2024-09-28 22:34:29,2024-10-11 22:34:29,"Jones, Jefferson and Rivera",USA
3ce7ca11-273b-4ad9-845b-dafa62feb463,2024-12-22 02:30:41,2024-12-28 02:30:41,Levy Group,USA
3e3a74f7-699b-4a6d-81cc-07979817913f,2024-11-04 02:19:32,2024-11-09 02:19:32,Archer-Patel,USA
a6ccc5ea-4587-4ae6-8d51-be83471cf87b,2024-05-18 18:54:25,2024-05-28 18:54:25,Levy Group,USA
9579f5f5-4d7e-4f9a-80c6-2abf66b77675,2024-02-01 23:46:18,2024-02-04 23:46:18,Campos PLC,France
efbcedda-1b2b-4ed1-912d-60dbcb3c8a40,2024-05-05 22:55:35,2024-05-12 22:55:35,"Patrick, Barrera and Collins",USA
3445a96f-c4b8-4455-ba00-afe5fa54d927,2024-08-25 23:33:09,2024-09-08 23:33:09,Sheppard-Tucker,USA
33af2509-522d-4a63-9d4e-158137688bbb,2024-02-14 19:08:15,2024-02-15 19:08:15,Levy Group,USA
dd3266a1-2a3c-4be6-b84f-ffa007e9c850,2024-07-07 21:59:18,2024-07-11 21:59:18,Archer-Patel,USA
60246eda-0989-4b1b-85f4-7acb9d0cef29,2024-08-15 23:55:58,2024-08-18 23:55:58,Wagner LLC,USA
a9ba1f47-2041-47da-bf4c-602168c1c7fc,2024-09-01 17:23:56,2024-09-05 17:23:56,"Jones, Jefferson and Rivera",USA
b1849c76-fbe5-4b12-ac2c-1e624cf0e103,2024-05-10 04:56:50,2024-05-17 04:56:50,Levy Group,USA
f886dfca-ba66-495f-94c5-f1c711cfbf89,2024-11-24 04:41:38,2024-12-08 04:41:38,"Patrick, Barrera and Collins",USA
8d4afcef-7c65-4784-a121-9523e50846fb,2024-03-14 22:27:34,2024-03-15 22:27:34,"Patrick, Barrera and Collins",USA
34d3cfcf-df6c-4303-ae93-6ebed4e973fc,2024-04-04 09:15:22,2024-04-18 09:15:22,Levy Group,USA
517bcd6e-c860-4614-b897-523e6219cf17,2024-01-07 07:04:44,2024-01-14 07:04:44,Chang-Fisher,USA
3adaa21f-7eee-4598-8911-30ecb1c6f257,2024-10-11 01:58:25,2024-10-14 01:58:25,"Jones, Jefferson and Rivera",USA
94d24c30-b1bc-4b79-97b9-5646f92a9610,2024-04-15 06:15:24,2024-04-17 06:15:24,Campos PLC,France
541de268-49fc-4a1f-bfe0-f977a77a199b,2024-02-15 11:46:14,2024-02-27 11:46:14,Faulkner-Howard,UK
57d51dd0-72b3-4063-9707-e121f58cf7cc,2024-09-30 22:10:52,2024-10-08 22:10:52,"Garcia, Hamilton and Carr",USA
72e262a7-ec57-440c-9406-3f53ac1d5d7c,2024-03-26 14:50:28,2024-04-03 14:50:28,"Garcia, Hamilton and Carr",USA
d9c61f65-3847-451c-aa73-34235b6564ce,2024-05-24 11:51:08,2024-06-03 11:51:08,Chang-Fisher,USA
236d0455-c7d5-48f4-8c87-d72a2e921268,2024-11-04 14:03:00,2024-11-05 14:03:00,"Jones, Jefferson and Rivera",USA
d3fb310f-35f9-44d9-a4a0-3c8504dd300e,2024-03-07 05:00:19,2024-03-13 05:00:19,Campos PLC,France
1ba91ca8-2469-45eb-98ff-fbc9f89e9921,2024-05-09 03:27:41,2024-05-23 03:27:41,"Jones, Jefferson and Rivera",USA
5c700553-e94b-4613-a438-ba24e223b7b6,2024-06-14 11:49:48,2024-06-15 11:49:48,"Patrick, Barrera and Collins",USA
2d871612-d982-4a35-b6fd-f32c1f1bb5bc,2024-11-12 20:51:40,2024-11-16 20:51:40,"Garcia, Hamilton and Carr",USA
cde0fbb0-4fbb-4924-bc21-9b46b5ec3fde,2024-01-25 03:40:32,2024-02-05 03:40:32,Sheppard-Tucker,USA
b5161fbe-00a5-4999-a75c-79498eda251d,2024-02-09 01:43:48,2024-02-23 01:43:48,Faulkner-Howard,UK
db97a263-a8f1-41ff-9db6-fdf55c86078b,2024-10-31 03:11:36,2024-11-01 03:11:36,"Patrick, Barrera and Collins",USA
779e388d-32fc-41e0-be6e-d062df70e8e8,2024-02-26 20:09:35,2024-03-08 20:09:35,"Patrick, Barrera and Collins",USA
346f3830-dfae-4e09-a4fa-c92e925cca7e,2024-11-28 04:11:04,2024-12-04 04:11:04,Chang-Fisher,USA
d4600cad-af79-4e94-8b90-d4e61f2d5f30,2024-09-27 22:45:42,2024-10-01 22:45:42,Chang-Fisher,USA
4640bb9c-21f3-4236-85b2-3dc40d5ac4d2,2024-03-25 23:07:02,2024-04-06 23:07:02,Chang-Fisher,USA
569294d1-3ecd-4a20-ad6c-44176f28bc82,2024-01-18 13:36:43,2024-02-01 13:36:43,"Garcia, Hamilton and Carr",USA
e0d0f415-9553-4d19-8ef6-cbbdab36d5d5,2024-11-13 08:06:47,2024-11-23 08:06:47,Sheppard-Tucker,USA
b686a553-cc54-4daf-876a-1a7b0c768ba0,2024-08-10 20:49:08,2024-08-14 20:49:08,Sheppard-Tucker,USA
2d90b93f-f8c4-49e3-839b-c9a5a737db08,2024-09-03 07:13:55,2024-09-13 07:13:55,Wagner LLC,USA
b7d782f7-ddf7-4dcc-964f-39bd0c91ffff,2024-12-19 09:57:50,2024-12-31 09:57:50,Campos PLC,France
5c8062ca-c98b-4846-9f5a-6970660c55b5,2024-12-29 16:59:47,2024-12-31 16:59:47,Faulkner-Howard,UK
00288b57-bee5-4cb9-bdf9-b1b049141f69,2024-07-26 11:05:09,2024-07-28 11:05:09,"Jones, Jefferson and Rivera",USA
c1cb472d-04ea-4bd6-bc9a-80c75db943cb,2024-08-21 20:38:08,2024-09-04 20:38:08,"Patrick, Barrera and Collins",USA
265e0da4-e7b4-4955-bf37-187b2c507f4f,2024-09-21 07:33:01,2024-10-02 07:33:01,Sheppard-Tucker,USA
96f90731-bdb7-46b5-8b57-5c588da0f422,2024-01-29 17:42:03,2024-01-30 17:42:03,Campos PLC,France
5a4eadb3-1ba5-440c-8910-7b14da041d9a,2024-01-11 08:49:55,2024-01-19 08:49:55,Sheppard-Tucker,USA
6f0d0693-4c71-42a0-9347-a6aca0f79757,2024-02-18 07:53:58,2024-03-03 07:53:58,Campos PLC,France
cf09f3e9-c233-4c79-b0d7-89381a2010ae,2024-09-03 14:37:41,2024-09-06 14:37:41,"Garcia, Hamilton and Carr",USA
540b8118-d5b7-4063-b3de-5eb80ba3c1d9,2024-03-14 05:08:22,2024-03-28 05:08:22,Archer-Patel,USA
71071d9a-62e5-44d3-8533-b15bff193f7e,2024-08-23 11:29:01,2024-08-25 11:29:01,Faulkner-Howard,UK
70d6f5c1-2e35-46f4-9b48-281c8315c23b,2024-11-18 08:57:48,2024-11-23 08:57:48,Chang-Fisher,USA
8237ae79-e212-4501-b564-7f4324b6189d,2024-08-11 16:16:14,2024-08-12 16:16:14,Chang-Fisher,USA
d73ad8b6-d189-45d6-b65a-dc6be9f0a071,2024-02-16 11:38:33,2024-02-20 11:38:33,Campos PLC,France
4ea3f4bd-9bde-44a9-aa92-8bf47726363f,2024-05-31 22:20:09,2024-06-09 22:20:09,Archer-Patel,USA
c98a63bc-3f69-41a2-9853-c65226014078,2024-02-05 13:08:19,2024-02-11 13:08:19,Levy Group,USA
4e7b71ac-f5cf-4f39-9d5a-57ad5c5ae8dd,2024-05-23 17:57:15,2024-06-06 17:57:15,Chang-Fisher,USA
fff40994-f66b-4a3a-a42b-04bec6c5cbc7,2024-11-19 19:59:36,2024-12-03 19:59:36,Levy Group,USA
e1426ec2-581b-4340-8195-a185eadc38d3,2024-02-15 01:37:42,2024-02-26 01:37:42,"Jones, Jefferson and Rivera",USA
7421e115-8fe2-4b32-bf26-060b00c9e270,2024-01-15 03:11:54,2024-01-27 03:11:54,"Jones, Jefferson and Rivera",USA
c5d4fb03-e326-4f81-b813-ebb15a844657,2024-08-23 03:42:28,2024-09-03 03:42:28,"Patrick, Barrera and Collins",USA
b34595e9-4935-451d-8e0f-914f9d0618d8,2024-01-09 09:40:00,2024-01-15 09:40:00,"Garcia, Hamilton and Carr",USA
8557b7b2-6560-457a-94f3-39e33eca8f54,2024-03-16 13:43:08,2024-03-19 13:43:08,Wagner LLC,USA
ab625812-d0be-400c-bf84-3ad4c6082a0f,2024-03-12 20:03:48,2024-03-19 20:03:48,Levy Group,USA
a5d5bb9b-9d33-49f7-be95-56d80fa99771,2024-10-05 21:18:04,2024-10-10 21:18:04,Chang-Fisher,USA
b7fee178-e052-403a-a668-752b8f1ecb6c,2024-02-18 02:47:11,2024-02-21 02:47:11,Faulkner-Howard,UK
697c1904-1834-454e-b232-8f73f8dba584,2024-07-05 02:46:53,2024-07-10 02:46:53,Archer-Patel,USA
85948725-56f4-4fdc-b15a-4ea046f888bb,2024-03-22 18:42:55,2024-03-28 18:42:55,Archer-Patel,USA
ce211a4b-84c4-4bce-b7a0-7413130d31d7,2024-10-09 09:34:40,2024-10-21 09:34:40,Sheppard-Tucker,USA
0ab001f9-9013-480b-9adc-c18ea803c500,2024-11-06 23:29:57,2024-11-12 23:29:57,Levy Group,USA
65616179-061e-4e98-9f13-03d2ac9d3022,2024-01-24 17:21:08,2024-01-25 17:21:08,Chang-Fisher,USA
bffccb7b-f3a8-40bc-9142-4f6964a3e44a,2024-12-29 21:11:07,2024-12-31 21:11:07,Faulkner-Howard,UK
b46c87be-4a70-41de-9527-4eb0a3aaa2b7,2024-09-20 19:58:29,2024-09-23 19:58:29,Levy Group,USA
ff630e78-0f05-4ad1-a1a1-b2ab7b44f901,2024-01-09 20:20:56,2024-01-14 20:20:56,Archer-Patel,USA
3a908070-b193-4241-a306-c65dcf6ca27b,2024-07-30 08:38:30,2024-08-06 08:38:30,"Garcia, Hamilton and Carr",USA
3b549159-23e8-447c-9339-b1779e5cab26,2024-06-14 07:03:18,2024-06-17 07:03:18,Campos PLC,France
8ec4e395-e426-4180-bf1f-50b663230041,2024-08-29 00:24:39,2024-08-31 00:24:39,"Jones, Jefferson and Rivera",USA
99f2f241-cd33-424b-83e1-031c9f2ff06b,2024-02-09 10:03:02,2024-02-21 10:03:02,Wagner LLC,USA
420f8396-0738-4135-b525-2d41e9b6e6f6,2024-11-20 15:10:38,2024-11-21 15:10:38,Campos PLC,France
839f035b-262e-476f-a3b3-006b6a707f59,2024-04-10 22:37:44,2024-04-13 22:37:44,"Garcia, Hamilton and Carr",USA
5f011a58-a0ab-4391-ad0e-da1a20e128c1,2024-01-28 04:29:14,2024-02-09 04:29:14,Sheppard-Tucker,USA
51c0b4ef-fc1c-4284-917a-20b309df6bad,2024-03-26 18:16:40,2024-03-31 18:16:40,"Patrick, Barrera and Collins",USA
8a180c96-b4fe-4ca0-a4cc-87739c6755c1,2024-01-28 22:49:29,2024-02-11 22:49:29,Archer-Patel,USA
1d433a9b-9857-4809-b878-f29fa30f3b36,2024-09-08 05:47:05,2024-09-13 05:47:05,"Patrick, Barrera and Collins",USA
31b66f7f-8060-4ac3-b939-90eeeea7aab5,2024-04-26 22:05:48,2024-04-28 22:05:48,Sheppard-Tucker,USA
91e5aab3-de85-4cc3-9d79-dc3c55b9e255,2024-05-16 00:58:35,2024-05-25 00:58:35,"Jones, Jefferson and Rivera",USA
5384fe78-27ce-4e15-b4b3-6e424b2b6d38,2024-06-18 08:27:15,2024-06-26 08:27:15,Archer-Patel,USA
cf614f04-3b7d-478a-bcc8-b9321ef90758,2024-03-11 00:41:04,2024-03-25 00:41:04,Archer-Patel,USA
5b0f3a03-8b5d-4485-bc2a-af6ce653bdd6,2024-01-24 16:57:24,2024-01-26 16:57:24,"Jones, Jefferson and Rivera",USA
7509f5de-8f31-44d7-9d50-edfd67ae584e,2024-07-14 14:13:56,2024-07-16 14:13:56,"Jones, Jefferson and Rivera",USA
c9311d8e-cc87-47ee-bf91-5f8eca8c9be8,2024-06-30 09:58:43,2024-07-07 09:58:43,Chang-Fisher,USA
322fa9ea-be55-40c2-b7af-79b07ef4c679,2024-01-16 07:02:10,2024-01-21 07:02:10,Archer-Patel,USA
5e79621a-b925-4f46-b982-f961f36bacd9,2024-08-19 15:38:32,2024-08-31 15:38:32,Faulkner-Howard,UK
cc461875-1f8e-431b-a677-4966a15039ef,2024-02-09 04:39:14,2024-02-12 04:39:14,Levy Group,USA
30770a33-4361-416d-ae0f-31568ab5f1a3,2024-09-28 14:09:50,2024-10-05 14:09:50,Sheppard-Tucker,USA
9877f7cf-de19-4f32-8c23-06457a589e48,2024-05-31 22:57:30,2024-06-02 22:57:30,Sheppard-Tucker,USA
52b03293-ad94-4379-abfb-e23372fa1f38,2024-03-18 10:07:50,2024-03-22 10:07:50,Wagner LLC,USA
ca936bd6-7cdc-43db-b63e-a30200b7c345,2024-04-11 00:37:03,2024-04-12 00:37:03,"Patrick, Barrera and Collins",USA
e842f9f5-9a09-40c5-b4ce-63651f28613b,2024-05-19 05:58:39,2024-05-20 05:58:39,Sheppard-Tucker,USA
13d3ba9b-101c-413c-aa1b-d4e854b08c36,2024-12-17 05:36:22,2024-12-24 05:36:22,"Garcia, Hamilton and Carr",USA
478c4494-8b77-4c78-b57b-93950eabee1a,2024-10-11 02:59:25,2024-10-20 02:59:25,Campos PLC,France
c3ef21fe-5c03-49ef-8966-87d90078b70a,2024-07-01 14:43:56,2024-07-09 14:43:56,"Jones, Jefferson and Rivera",USA
5d8ceba6-d05a-4a77-a754-9cfb95d1c22a,2024-11-21 13:46:11,2024-12-04 13:46:11,Levy Group,USA
30f6ea7f-425b-4da6-aec4-3da527764702,2024-12-16 10:05:05,2024-12-28 10:05:05,Wagner LLC,USA
405d7f20-cc39-4272-a3d9-d833dd68e5c4,2024-12-22 16:52:23,2024-12-29 16:52:23,Sheppard-Tucker,USA
f53287c0-965d-491d-b93f-2a0dc3af80f7,2024-08-09 06:37:39,2024-08-15 06:37:39,Wagner LLC,USA
59feecc8-5d86-4f65-962e-045491ca89fe,2024-03-06 19:09:06,2024-03-11 19:09:06,Levy Group,USA
aa5b75d5-d16b-4b4a-9973-96e0d5b4c943,2024-09-27 23:00:28,2024-10-10 23:00:28,Faulkner-Howard,UK
b539361d-6dca-476b-a942-704b142170d3,2024-09-18 05:27:52,2024-09-25 05:27:52,Wagner LLC,USA
20506173-ee78-48b8-b45f-9f2dac20c3ce,2024-03-19 23:57:44,2024-03-25 23:57:44,Sheppard-Tucker,USA
79c8b03a-e242-45a6-b320-307ecbba8a61,2024-10-25 00:12:17,2024-10-27 00:12:17,Chang-Fisher,USA
06d7fcee-9060-4dec-9f8e-54dace5dc577,2024-01-23 13:04:26,2024-02-01 13:04:26,"Jones, Jefferson and Rivera",USA
78874c12-64c9-4236-81ad-66d1b4f3aa1f,2024-11-02 06:44:05,2024-11-15 06:44:05,Wagner LLC,USA
439940a0-450c-4179-bfc5-3308abd93d41,2024-09-19 14:39:26,2024-09-21 14:39:26,"Jones, Jefferson and Rivera",USA
bf0cd0e2-1737-44b9-b23b-9ec5a72489f5,2024-03-02 10:36:40,2024-03-09 10:36:40,Campos PLC,France
c68a115a-6e20-4e71-acfc-9a93949689e7,2024-11-24 07:55:42,2024-11-28 07:55:42,Chang-Fisher,USA
8d084523-7622-418a-a473-02d24d368015,2024-03-03 21:31:16,2024-03-16 21:31:16,Wagner LLC,USA
7f4e1f51-3e88-4325-9ff7-bc4af3873738,2024-05-12 22:35:02,2024-05-22 22:35:02,Faulkner-Howard,UK
b7d20d9b-331c-4e16-bfc9-55a37bcf91af,2024-07-24 15:03:26,2024-07-26 15:03:26,Wagner LLC,USA
a6fd4de6-d9cb-4af4-b028-b28a06d914d2,2024-04-07 08:34:31,2024-04-15 08:34:31,"Patrick, Barrera and Collins",USA
afbfbf11-37d9-4959-9efb-dffe19e77a32,2024-02-15 12:30:10,2024-02-21 12:30:10,"Garcia, Hamilton and Carr",USA
7ed1e52a-48b0-423e-b443-24cc19683f7e,2024-08-19 18:29:56,2024-09-02 18:29:56,Faulkner-Howard,UK
d906e30a-3576-4fba-b33f-4b55f658035b,2024-12-23 20:14:30,2024-12-25 20:14:30,Levy Group,USA
c67b92a1-e33a-4e36-8149-1b15c31c4709,2024-06-20 18:39:56,2024-06-28 18:39:56,Faulkner-Howard,UK
0143a78e-f068-4715-9a59-8eb111044b9f,2024-09-15 11:53:45,2024-09-25 11:53:45,"Patrick, Barrera and Collins",USA
75110f75-3bb6-4f10-9c3a-86a8d9705dc6,2024-03-08 21:26:08,2024-03-19 21:26:08,"Patrick, Barrera and Collins",USA
b55e0250-e86c-4c3e-9c8c-46bb533d3d23,2024-01-06 03:04:04,2024-01-15 03:04:04,"Jones, Jefferson and Rivera",USA
a3385fd1-7771-41f1-8ecb-46633959eb05,2024-07-02 03:52:02,2024-07-13 03:52:02,Archer-Patel,USA
3001c4e6-7ea7-46b1-ac05-5d96c0e21545,2024-09-21 13:59:46,2024-10-05 13:59:46,"Jones, Jefferson and Rivera",USA
6e12ce96-c4b6-4d67-b06b-acca0d398c29,2024-06-08 04:35:42,2024-06-16 04:35:42,Wagner LLC,USA
51904c2c-5030-4222-9083-fb7607f3e1a8,2024-12-15 13:31:18,2024-12-24 13:31:18,Levy Group,USA
bf5a9ba3-57ed-45dd-8b6d-788ae47a27fb,2024-08-09 00:30:54,2024-08-13 00:30:54,Chang-Fisher,USA
082ec4cd-71ce-465e-91bb-bc04bf58505c,2024-12-05 17:46:14,2024-12-11 17:46:14,Archer-Patel,USA
4b0879cc-7d34-4e81-b24a-44ff6adb689b,2024-07-16 12:29:48,2024-07-30 12:29:48,Archer-Patel,USA
ba9c1712-3987-48d2-82e7-782447dbdd83,2024-12-22 07:49:24,2024-12-23 07:49:24,"Garcia, Hamilton and Carr",USA
8f05ebdd-8483-4a55-834f-3458365eee77,2024-04-30 22:53:13,2024-05-03 22:53:13,Campos PLC,France
9e79fe02-fefa-4464-b038-1d8900f68fd3,2024-09-09 00:29:54,2024-09-19 00:29:54,Faulkner-Howard,UK
2dbcde2b-e2ad-4aac-8176-14c4da9973b7,2024-05-18 16:53:41,2024-06-01 16:53:41,"Patrick, Barrera and Collins",USA
2402ef27-0b53-4316-a882-b5d4d8131e9d,2024-05-30 22:24:29,2024-06-09 22:24:29,Campos PLC,France
0ea48753-6160-4f41-b71e-c90213c7ef24,2024-11-21 07:34:04,2024-12-03 07:34:04,"Jones, Jefferson and Rivera",USA
0a7319a2-a2b3-4015-a9e0-db79740c544d,2024-09-12 09:25:38,2024-09-14 09:25:38,Sheppard-Tucker,USA
0fd5c071-f705-455a-9f68-9b53c0094d1f,2024-04-07 10:51:43,2024-04-16 10:51:43,Chang-Fisher,USA
f8d671f5-3203-45c2-ab01-c1c1f5d85a3c,2024-02-29 13:54:38,2024-03-02 13:54:38,Wagner LLC,USA
e02de402-34a0-45a9-8235-d13b3b577d44,2024-08-05 17:10:21,2024-08-08 17:10:21,Chang-Fisher,USA
77f91b44-1767-4a7c-9f1a-aee42ffc953f,2024-09-25 06:56:05,2024-09-30 06:56:05,Chang-Fisher,USA
8250dcd5-1815-49e8-b0c3-29298b889313,2024-01-05 19:54:53,2024-01-18 19:54:53,"Jones, Jefferson and Rivera",USA
bc2f7d58-38bc-4b15-bfac-b5914cd9928a,2024-06-26 20:26:33,2024-07-02 20:26:33,Faulkner-Howard,UK
32a4c815-132a-4254-9ff1-bbde26916cce,2024-10-14 23:58:27,2024-10-27 23:58:27,Faulkner-Howard,UK
54ef9b9e-d6ba-4d27-8c4a-402e9b32e23e,2024-01-31 17:01:16,2024-02-14 17:01:16,"Jones, Jefferson and Rivera",USA
ceeb3a3a-d8c7-43a1-b3bb-5de609643494,2024-05-10 10:58:09,2024-05-16 10:58:09,"Garcia, Hamilton and Carr",USA
843a05e9-fbd5-4586-9c45-7627d51f8483,2024-10-14 00:07:46,2024-10-21 00:07:46,"Garcia, Hamilton and Carr",USA
dc2d43c8-8f71-457b-9392-bd75d020eb78,2024-01-18 17:55:19,2024-01-27 17:55:19,Chang-Fisher,USA
fc1d7abb-ec1e-44c1-b2b8-a7618c26e4e8,2024-07-30 09:25:31,2024-08-09 09:25:31,Sheppard-Tucker,USA
550e42a8-58e5-4b5c-b943-8341d2b459b6,2024-04-19 02:01:15,2024-04-30 02:01:15,"Garcia, Hamilton and Carr",USA
7d12c11a-64ce-40ca-a80b-3cf5895b0b01,2024-02-22 08:46:39,2024-03-06 08:46:39,Levy Group,USA
0aa00f0d-0810-483a-a6fc-cef406474eed,2024-04-03 06:10:39,2024-04-05 06:10:39,"Patrick, Barrera and Collins",USA
ac469728-773a-4b97-8e83-d3b3e44c279b,2024-10-22 23:54:29,2024-11-04 23:54:29,Wagner LLC,USA
56015449-cd49-46d6-8fd5-d1b1ed46da99,2024-07-06 02:57:14,2024-07-11 02:57:14,"Garcia, Hamilton and Carr",USA
df2efc5f-f708-447a-925e-f743a49c00f2,2024-05-16 18:58:48,2024-05-26 18:58:48,"Patrick, Barrera and Collins",USA
733d5d06-46fe-44a9-ac78-8c36280d7836,2024-08-24 22:52:35,2024-09-07 22:52:35,"Jones, Jefferson and Rivera",USA
55ac086d-90d4-4f89-9f7e-53b21ba962d5,2024-04-21 19:12:59,2024-05-05 19:12:59,"Patrick, Barrera and Collins",USA
31a710c4-48bd-4934-93b4-c3baf6223be8,2024-09-18 12:34:30,2024-09-28 12:34:30,Levy Group,USA
c2aa8bc1-9bfa-4d91-aa93-582c508d0469,2024-05-19 11:59:52,2024-05-23 11:59:52,Chang-Fisher,USA
b7ff034e-3fc0-44ba-b22e-f15cab242143,2024-08-17 05:47:12,2024-08-28 05:47:12,Chang-Fisher,USA
16b26cdf-1c84-467c-a1cc-6d0da91a8798,2024-12-12 09:30:58,2024-12-24 09:30:58,Faulkner-Howard,UK
ef83dbc1-0a8b-430c-9f39-10420a6a3533,2024-09-03 02:57:29,2024-09-08 02:57:29,"Garcia, Hamilton and Carr",USA
06db5ac0-559e-43fc-a551-5888a705b3cd,2024-11-27 13:45:14,2024-12-07 13:45:14,Campos PLC,France
7bbf802a-c002-4a5b-8475-1f979e9afc11,2024-08-29 04:51:20,2024-09-04 04:51:20,Sheppard-Tucker,USA
418282ff-ec64-45aa-b5d0-0300421b2545,2024-02-21 09:32:17,2024-02-29 09:32:17,Campos PLC,France
8e2e6612-93e5-46f7-b1cf-2069a69a636e,2024-10-04 22:03:20,2024-10-18 22:03:20,Campos PLC,France
44a41ca2-9542-4fd5-9def-a2eec5a640c4,2024-04-30 12:10:59,2024-05-13 12:10:59,"Patrick, Barrera and Collins",USA
9deb7807-8764-45dd-9af7-3ec8c2916983,2024-05-30 16:34:57,2024-06-06 16:34:57,"Patrick, Barrera and Collins",USA
535df4d6-0cf5-48e9-85eb-a5612530df15,2024-10-17 16:23:38,2024-10-18 16:23:38,Faulkner-Howard,UK
0ba266bb-ad30-4a6d-8cb6-7dd7311180ae,2024-06-09 22:39:20,2024-06-20 22:39:20,Faulkner-Howard,UK
4dac15db-05bb-4454-b81a-bd816e4b056b,2024-11-17 21:56:01,2024-11-21 21:56:01,Campos PLC,France
6344e7d4-ebf6-454d-afdf-cc28ac2e25c2,2024-09-09 18:12:07,2024-09-21 18:12:07,Archer-Patel,USA
ef88f679-58b0-43ed-a5f7-d7e41d8a5c53,2024-02-01 08:23:38,2024-02-02 08:23:38,Chang-Fisher,USA
d16db0a8-09cf-411b-8c13-397b6b5716b3,2024-01-01 14:12:24,2024-01-09 14:12:24,"Patrick, Barrera and Collins",USA
1b5457c4-e911-43a9-85dd-636189d4e5a5,2024-08-18 21:51:31,2024-08-21 21:51:31,"Jones, Jefferson and Rivera",USA
237b2c97-1fc9-4aa9-a71e-6ec536d8d9d3,2024-03-15 16:27:17,2024-03-29 16:27:17,Levy Group,USA
fe15eee6-7751-49ed-946c-8ab8bd405f5d,2024-09-28 07:15:45,2024-10-10 07:15:45,Sheppard-Tucker,USA
4307fc34-b34f-471a-a0ff-0a290218e344,2024-05-09 20:50:58,2024-05-20 20:50:58,Faulkner-Howard,UK
f7ea5ca1-da3a-46fa-94bf-cb46c97c4467,2024-03-03 04:03:06,2024-03-16 04:03:06,Archer-Patel,USA
8b79239f-2d99-497a-af37-c73e201bbbb2,2024-04-02 23:31:06,2024-04-09 23:31:06,Chang-Fisher,USA
4e7d51be-8656-4674-8997-decf5536f696,2024-03-27 15:25:20,2024-04-06 15:25:20,"Jones, Jefferson and Rivera",USA
bf53a34a-2338-44bf-aaf2-055a2fe850b7,2024-09-04 12:59:34,2024-09-11 12:59:34,"Jones, Jefferson and Rivera",USA
60fec8f5-69d7-4283-a77c-0c5e508d1189,2024-06-23 00:55:26,2024-06-24 00:55:26,Sheppard-Tucker,USA
5571ff88-73cc-441f-9deb-7092f064e70d,2024-05-27 01:15:20,2024-06-04 01:15:20,Faulkner-Howard,UK
a5e7c208-f095-482d-ba2a-4f4a2d4a467e,2024-10-02 20:56:29,2024-10-03 20:56:29,Chang-Fisher,USA
b598e567-a8ab-44c8-9b8f-f36e89434d1d,2024-12-05 23:32:14,2024-12-15 23:32:14,Levy Group,USA
072a784e-b2f4-4eea-b198-2051fa231759,2024-09-18 16:02:24,2024-09-21 16:02:24,Archer-Patel,USA
916cad8c-e830-4df6-9580-8817d40830d9,2024-08-08 15:33:18,2024-08-10 15:33:18,"Garcia, Hamilton and Carr",USA
9b09df8d-842a-4fca-9584-15c168f1f4a2,2024-12-05 15:16:54,2024-12-16 15:16:54,Archer-Patel,USA
95556626-09dc-4e90-a7ac-20f02b328fc9,2024-06-09 22:32:51,2024-06-13 22:32:51,"Patrick, Barrera and Collins",USA
7043a92e-5504-4c7c-83c4-7954641a5e5c,2024-01-13 06:01:30,2024-01-26 06:01:30,"Jones, Jefferson and Rivera",USA
d32623a7-427d-47c0-b869-06cea9799fd1,2024-06-05 05:24:03,2024-06-07 05:24:03,Chang-Fisher,USA
13dc1f97-daf5-4d0b-8a0b-d07a40858667,2024-12-04 12:43:22,2024-12-14 12:43:22,"Jones, Jefferson and Rivera",USA
a293d366-d716-4a61-848a-6b52986b9d4d,2024-09-29 13:31:34,2024-10-09 13:31:34,Archer-Patel,USA
03a32d22-4e0d-4f7a-9169-a84e5af93a20,2024-08-08 09:13:32,2024-08-19 09:13:32,Sheppard-Tucker,USA
fb216756-20f3-441b-b9fb-68ed4773a401,2024-06-11 10:09:14,2024-06-22 10:09:14,Levy Group,USA
5eb89b32-3e9d-4dbc-b03c-55e6444619ad,2024-10-26 21:17:33,2024-10-31 21:17:33,Faulkner-Howard,UK
9ee88ad9-9e9d-461b-858a-5c4c3d79d425,2024-09-14 04:06:46,2024-09-21 04:06:46,Campos PLC,France
35f52eed-d557-4e05-b512-f25da462ed47,2024-10-02 08:24:54,2024-10-14 08:24:54,Sheppard-Tucker,USA
af7681a9-78c3-4301-aa74-884558bac69e,2024-01-19 04:01:05,2024-01-28 04:01:05,Wagner LLC,USA
53fc71eb-b834-4a3f-9f91-1f158a3abe58,2024-03-05 08:12:09,2024-03-06 08:12:09,"Patrick, Barrera and Collins",USA
27d0146b-0e34-4161-8c04-4644777ac0f0,2024-06-21 22:58:59,2024-06-29 22:58:59,Archer-Patel,USA
685e1fb6-752b-431f-9d30-789dc52df728,2024-01-25 19:27:48,2024-02-07 19:27:48,Wagner LLC,USA
c1cad965-3bc0-4cea-97f3-b6b519e6abfe,2024-04-10 16:10:12,2024-04-18 16:10:12,Archer-Patel,USA
5b42b35f-3e16-4d4c-97cf-15be04725982,2024-09-29 10:36:16,2024-10-12 10:36:16,Sheppard-Tucker,USA
f815b4bd-3f4f-4a79-a99c-372301043db6,2024-03-02 05:44:43,2024-03-03 05:44:43,Chang-Fisher,USA
5987c8eb-3a62-40f2-8fcd-ff75054d917f,2024-06-22 08:25:14,2024-06-30 08:25:14,Campos PLC,France
b1d303d6-bc81-481b-8b02-a6e5de361b54,2024-07-23 21:20:16,2024-07-24 21:20:16,"Garcia, Hamilton and Carr",USA
73ec2f8b-9220-41e1-aa6f-744972a05f9d,2024-12-09 16:17:23,2024-12-20 16:17:23,Levy Group,USA
4dd0f333-d77a-476f-bdea-7a2017e9803f,2024-07-08 05:38:40,2024-07-18 05:38:40,Wagner LLC,USA
58bcfca2-8965-441a-bb84-90ba8c826054,2024-12-18 15:32:41,2024-12-22 15:32:41,Sheppard-Tucker,USA
908204a8-0901-4544-8db8-1259d47df969,2024-08-06 00:40:23,2024-08-19 00:40:23,"Garcia, Hamilton and Carr",USA
394ff145-4456-4712-ba1c-f90f3b4ef2c4,2024-08-22 13:28:38,2024-09-03 13:28:38,"Garcia, Hamilton and Carr",USA
efad0a8a-51e8-4758-8e26-9f856caff30b,2024-10-20 09:37:42,2024-10-27 09:37:42,"Garcia, Hamilton and Carr",USA
c07e6330-da08-4e36-8375-54e448866967,2024-01-01 00:38:40,2024-01-06 00:38:40,Sheppard-Tucker,USA
2fe7317c-c67d-4e93-9be5-251fe8120264,2024-12-09 06:18:48,2024-12-12 06:18:48,"Patrick, Barrera and Collins",USA
5189a797-3ec3-4620-b9d6-4438d84c8e77,2024-01-16 02:40:09,2024-01-26 02:40:09,"Patrick, Barrera and Collins",USA
d8f6a0cd-a58b-4bd8-afa2-adf93db8dac9,2024-07-11 01:50:40,2024-07-13 01:50:40,Sheppard-Tucker,USA
2e96f529-0da1-4ffa-93f7-2a569285eabd,2024-05-06 14:01:02,2024-05-13 14:01:02,Sheppard-Tucker,USA
4d660e63-efd0-4eaa-9618-b16f4c95ac56,2024-05-01 04:35:37,2024-05-03 04:35:37,"Patrick, Barrera and Collins",USA
6f16ecd4-8fae-4b44-a6fc-ce26a461063a,2024-11-21 08:16:23,2024-12-04 08:16:23,Faulkner-Howard,UK
4ba21d88-e45c-4a49-ba18-e67a9e75464a,2024-06-30 07:45:03,2024-07-12 07:45:03,Chang-Fisher,USA
8ab8f405-813f-4586-9181-d45bf4052207,2024-01-20 08:42:03,2024-02-02 08:42:03,"Jones, Jefferson and Rivera",USA
d5f8f8de-50b7-4e2b-b4f3-357646064950,2024-11-10 04:51:14,2024-11-17 04:51:14,"Patrick, Barrera and Collins",USA
febb6e0e-a60b-46d9-b9d8-29eb592da16e,2024-11-15 12:18:19,2024-11-16 12:18:19,"Jones, Jefferson and Rivera",USA
94adf451-cd78-43c7-8cc8-fd68aa928376,2024-12-05 19:44:35,2024-12-19 19:44:35,Archer-Patel,USA
5e1a5344-c218-4974-8437-265d3511229b,2024-11-11 12:15:21,2024-11-23 12:15:21,Campos PLC,France
b9c88826-e0d4-431e-9e0d-ece298b9e48e,2024-06-10 05:21:40,2024-06-12 05:21:40,Archer-Patel,USA
dd967659-6a72-4647-9fa4-e93bb1c32b1d,2024-03-14 00:17:56,2024-03-16 00:17:56,Sheppard-Tucker,USA
0f9058ef-ff3a-495a-8a51-1c5914466a4b,2024-08-01 00:58:08,2024-08-07 00:58:08,Chang-Fisher,USA
a9b25313-0562-4ab1-8060-a651a6e0d7b3,2024-09-02 20:48:53,2024-09-08 20:48:53,Archer-Patel,USA
a9daa78e-fdee-4170-81ca-d6a6ab3776a9,2024-02-02 09:58:09,2024-02-05 09:58:09,Chang-Fisher,USA
0e23ba4a-7efa-4dd1-a393-2f75fcf5d677,2024-11-21 05:35:05,2024-12-05 05:35:05,Wagner LLC,USA
5915020c-9c46-4111-b1dd-3968a5c0d161,2024-10-08 18:39:24,2024-10-22 18:39:24,Archer-Patel,USA
3bde529d-524a-430d-9ca9-5c7ef6316b6a,2024-02-20 16:33:03,2024-02-22 16:33:03,Levy Group,USA
5ddfc4e2-4873-4d55-9f0f-01e7e4e0085c,2024-01-06 17:17:12,2024-01-09 17:17:12,Wagner LLC,USA
0006f4fe-81d5-4395-8e51-99364a4e4407,2024-06-05 01:12:15,2024-06-06 01:12:15,Wagner LLC,USA
4bc39f42-28f7-45ff-b0c3-922a2215fbbf,2024-09-20 12:13:05,2024-10-01 12:13:05,Sheppard-Tucker,USA
55018733-d45f-4e6e-bc67-33170453ad5b,2024-06-11 03:14:34,2024-06-23 03:14:34,Chang-Fisher,USA
608feb94-ac14-45c5-a38b-908d4bdc5757,2024-05-02 18:59:04,2024-05-07 18:59:04,Archer-Patel,USA
3c1fbb00-1940-453e-ba6a-e9aba8f9fe77,2024-01-02 07:37:23,2024-01-14 07:37:23,Chang-Fisher,USA
5cf97f06-7ede-4d83-8e8a-b873435ce070,2024-03-23 22:11:38,2024-04-02 22:11:38,Wagner LLC,USA
59f68c39-8d2b-41f2-97bf-fd5c5719b8f0,2024-01-06 13:12:16,2024-01-20 13:12:16,Faulkner-Howard,UK
f5b94742-18e2-42af-9ac3-4620805ecc5a,2024-10-05 13:56:44,2024-10-08 13:56:44,"Jones, Jefferson and Rivera",USA
053a9741-fe7e-40f5-879a-1b2244cfa8bf,2024-10-20 02:48:55,2024-10-22 02:48:55,"Jones, Jefferson and Rivera",USA
9027d054-220a-43e1-a3a0-684e8c2e23a7,2024-01-01 21:58:26,2024-01-07 21:58:26,Campos PLC,France
845e4c61-e852-426c-b16e-68f8da429188,2024-11-15 12:24:45,2024-11-18 12:24:45,Chang-Fisher,USA
3f250fae-ea3b-4da1-ab15-16a6a8d53293,2024-09-19 10:33:26,2024-09-23 10:33:26,Archer-Patel,USA
ab698c33-81fb-4f26-b783-30cbd77be876,2024-07-24 04:32:29,2024-07-30 04:32:29,"Jones, Jefferson and Rivera",USA
7d286804-cf46-4bbf-bcfc-478f559b7dc7,2024-08-25 16:49:51,2024-08-30 16:49:51,Campos PLC,France
104f8438-ea19-4518-9e92-edda1e7e0748,2024-02-07 23:24:58,2024-02-16 23:24:58,Archer-Patel,USA
5cded2c9-82e1-470a-8ecf-500ab9dae812,2024-03-14 23:12:54,2024-03-17 23:12:54,Levy Group,USA
cf3aa07d-535d-4e21-8331-d0c4b15872b9,2024-02-16 04:15:52,2024-02-18 04:15:52,Sheppard-Tucker,USA
7fa17e71-9c2c-427c-ae9a-17bfca839988,2024-08-24 06:19:22,2024-09-02 06:19:22,Levy Group,USA
e353edc6-d959-45e0-884e-3e8b56b33b6a,2024-09-09 03:35:32,2024-09-14 03:35:32,Faulkner-Howard,UK
cef2bb5c-9edd-4b4d-8145-9955061de286,2024-03-18 02:18:24,2024-03-25 02:18:24,Faulkner-Howard,UK
36d0f9c1-4b6a-4bf0-9936-8a785dae889c,2024-12-05 07:02:37,2024-12-08 07:02:37,Wagner LLC,USA
d8f7bba4-46c0-433a-90c9-ebcc96553d12,2024-04-27 10:43:18,2024-05-03 10:43:18,"Garcia, Hamilton and Carr",USA
0fda0664-ce3a-41ec-9ce1-67ca466a18e0,2024-04-18 17:37:41,2024-04-22 17:37:41,Wagner LLC,USA
c8aa35fa-7831-4e28-ade7-30d14580571e,2024-09-24 09:39:28,2024-10-07 09:39:28,Faulkner-Howard,UK
2f97b582-3e8e-4839-b7d8-8d498f4c8347,2024-03-11 18:25:27,2024-03-16 18:25:27,Archer-Patel,USA
61024b3c-908d-4a5a-9063-2321ba976ef6,2024-02-08 21:45:06,2024-02-15 21:45:06,Chang-Fisher,USA
00da56b4-fd0c-40a2-9465-a2bf840ec2af,2024-07-03 16:57:51,2024-07-17 16:57:51,Faulkner-Howard,UK
e0a656d3-b64c-452e-9b4c-1e57daa877f1,2024-11-27 15:16:48,2024-12-07 15:16:48,Chang-Fisher,USA
628df586-68f0-40be-a52b-3d769f503a4a,2024-12-24 08:50:14,2024-12-31 08:50:14,Sheppard-Tucker,USA
c823fa9a-43c9-4d17-9737-fdef120049d0,2024-06-03 01:28:34,2024-06-15 01:28:34,Sheppard-Tucker,USA
87bde758-55a4-4bcd-a882-c2131742a1c2,2024-08-31 18:01:13,2024-09-03 18:01:13,"Patrick, Barrera and Collins",USA
d73eb021-bd1c-4e38-b51e-c0e55849dc86,2024-02-01 14:11:39,2024-02-06 14:11:39,"Garcia, Hamilton and Carr",USA
8dcb0837-4ede-41e1-b1ac-f6bfbcf38d06,2024-01-09 11:36:53,2024-01-16 11:36:53,Faulkner-Howard,UK
862a9b4d-f897-4e47-9bb9-12641fc4d763,2024-04-16 16:31:06,2024-04-26 16:31:06,"Patrick, Barrera and Collins",USA
328e46d0-eb0e-407c-85e3-66eb362d58fd,2024-12-20 21:59:21,2024-12-25 21:59:21,Archer-Patel,USA
fcdf199c-5c32-49b9-9a23-8b5b9d4d2e35,2024-06-24 22:03:45,2024-06-26 22:03:45,Wagner LLC,USA
fd1de125-a3e9-4d8e-a0fe-ab34f69808cb,2024-11-06 14:54:18,2024-11-14 14:54:18,Archer-Patel,USA
a2840129-32ea-407e-a9db-ff003cdc0e53,2024-11-03 17:09:30,2024-11-14 17:09:30,"Garcia, Hamilton and Carr",USA
50f33fa4-1823-4dc8-a84a-508be630bbb6,2024-02-14 23:08:31,2024-02-15 23:08:31,"Patrick, Barrera and Collins",USA
eeb3491e-8056-4eb3-b83a-50d605a54f9f,2024-11-30 12:27:22,2024-12-07 12:27:22,Chang-Fisher,USA
e502a4b3-c0dd-40d8-a3c3-b52bee24eaa7,2024-04-09 14:38:55,2024-04-16 14:38:55,Archer-Patel,USA
38ccb6aa-f34d-4bed-8e37-6057d277fdd3,2024-02-21 19:34:10,2024-02-29 19:34:10,Wagner LLC,USA
95f8f3ea-4ca4-47a7-8741-c36c427ff578,2024-09-10 19:41:09,2024-09-16 19:41:09,Campos PLC,France
de2270e6-0c63-46e1-939a-d4615b73c200,2024-07-21 06:49:06,2024-07-29 06:49:06,Sheppard-Tucker,USA
36a74de6-57fa-4ef5-9f80-84ba57061054,2024-11-13 09:32:18,2024-11-16 09:32:18,Sheppard-Tucker,USA
9ce7fe70-a3c5-495e-b8ce-d53249b97a35,2024-09-09 17:44:21,2024-09-14 17:44:21,Sheppard-Tucker,USA
bf29f7e8-ea59-425d-b9f6-35691818d3f3,2024-09-07 11:16:57,2024-09-16 11:16:57,Levy Group,USA
c0154a88-20c0-4537-adc6-2c5c79d8b104,2024-05-14 18:46:06,2024-05-26 18:46:06,Faulkner-Howard,UK
209dbf04-b931-473c-8706-9e71d581c662,2024-02-14 16:53:48,2024-02-27 16:53:48,"Jones, Jefferson and Rivera",USA
c30abdd9-184e-437e-a566-b4fbe688cfe1,2024-12-04 14:21:35,2024-12-11 14:21:35,Faulkner-Howard,UK
ae49d856-f4bb-4110-a096-654d7aa8b03c,2024-02-29 23:29:11,2024-03-13 23:29:11,"Patrick, Barrera and Collins",USA
bc91b6a2-2e5b-476d-ac4a-edeb9cbccf93,2024-04-18 02:58:03,2024-04-25 02:58:03,Faulkner-Howard,UK
2dda4c77-a911-4190-9776-9b358d6556c1,2024-11-26 14:07:46,2024-11-30 14:07:46,"Jones, Jefferson and Rivera",USA
d169d0ea-af91-472a-8d2f-b33d82d815bb,2024-01-08 05:07:31,2024-01-14 05:07:31,"Garcia, Hamilton and Carr",USA
8afc82cf-e19a-46fb-8c62-305b99921d9d,2024-01-17 10:14:32,2024-01-20 10:14:32,Archer-Patel,USA
6b489509-be37-493a-8bf7-31a5044e967d,2024-01-16 19:00:33,2024-01-24 19:00:33,Sheppard-Tucker,USA
d4181fe5-22f8-4b82-bd36-555a4b5783c2,2024-03-20 21:35:45,2024-03-28 21:35:45,Wagner LLC,USA
a526a1e6-6edd-4373-8e39-5f27456279e9,2024-09-21 11:20:59,2024-09-26 11:20:59,Chang-Fisher,USA
6741250a-50d3-45ad-9274-b87e9086ae2d,2024-04-10 20:17:38,2024-04-24 20:17:38,"Jones, Jefferson and Rivera",USA
8c231842-5464-4255-ab42-1124abfe2258,2024-08-04 20:15:09,2024-08-14 20:15:09,"Jones, Jefferson and Rivera",USA
30f2d734-924e-4477-a87f-6056ffa0f73c,2024-05-02 05:20:23,2024-05-03 05:20:23,Wagner LLC,USA
dcc5f442-010e-40ae-9991-a93b44c9ba79,2024-05-22 11:41:52,2024-05-27 11:41:52,Sheppard-Tucker,USA
c3dd1f07-287e-46aa-957d-f741d89db76c,2024-08-08 09:10:59,2024-08-21 09:10:59,Campos PLC,France
6cfd6d8d-8393-4b6c-97f9-931ee6b4bae6,2024-12-19 08:25:39,2024-12-28 08:25:39,Levy Group,USA
3a17c28d-979d-4c92-a2d1-40a523e19be0,2024-11-25 21:20:02,2024-11-28 21:20:02,"Patrick, Barrera and Collins",USA
f61a22f3-38e2-4ce9-afa9-cd0da39b9b97,2024-01-17 07:30:38,2024-01-29 07:30:38,"Jones, Jefferson and Rivera",USA
840ddebd-3ca3-4fe5-aa5f-8a0b6c3b5618,2024-11-24 16:38:46,2024-11-26 16:38:46,"Jones, Jefferson and Rivera",USA
b0615525-87e4-4133-92fa-3b77426c0f79,2024-10-17 22:26:33,2024-10-30 22:26:33,Wagner LLC,USA
b86b7f61-9acb-4c57-9fc0-09936a5afe9a,2024-09-29 08:49:15,2024-10-08 08:49:15,"Patrick, Barrera and Collins",USA
75d04a12-ea87-4cbc-b7f6-d90e00d677bc,2024-08-23 23:12:35,2024-08-28 23:12:35,Chang-Fisher,USA
a51ad289-f110-4458-b34f-9d8d09e8f92b,2024-09-11 12:24:55,2024-09-13 12:24:55,Campos PLC,France
f830e103-def0-42f9-8831-4f4e71f366c2,2024-07-11 00:56:25,2024-07-22 00:56:25,Chang-Fisher,USA
aa7d72ac-c4e5-40f7-9d62-a1ede2af24dd,2024-10-03 15:39:16,2024-10-04 15:39:16,Campos PLC,France
7c9eb24d-0ca5-4652-b39b-af39179eab90,2024-09-07 03:51:07,2024-09-14 03:51:07,"Garcia, Hamilton and Carr",USA
53d5ec1a-76cd-4c1b-afd3-794b096617e5,2024-12-16 13:52:06,2024-12-26 13:52:06,"Patrick, Barrera and Collins",USA
9e01f9be-7f13-4e9b-a08b-92676342644e,2024-06-27 03:03:42,2024-07-05 03:03:42,Sheppard-Tucker,USA
9063b82d-0ff9-4fd3-baf0-ce6da1985f28,2024-09-05 14:32:54,2024-09-17 14:32:54,Campos PLC,France
e2d46e72-c744-4b24-8b36-9c0e89ee9368,2024-06-18 02:36:02,2024-06-24 02:36:02,Campos PLC,France
54336160-337a-4581-8601-6bb706cf0823,2024-05-24 15:28:43,2024-06-07 15:28:43,Wagner LLC,USA
74f86cd8-eb61-4503-9b2a-202e44b7dce0,2024-12-04 10:08:12,2024-12-14 10:08:12,Sheppard-Tucker,USA
ad11cccf-2c7e-451a-92a2-f6dd522bf420,2024-07-27 21:51:34,2024-07-28 21:51:34,Sheppard-Tucker,USA
66a36d4b-68a1-48ae-8e59-afeb8018c31f,2024-03-10 05:46:03,2024-03-23 05:46:03,Campos PLC,France
a8fb6aa5-db00-4bf3-9104-5b92145d1df2,2024-03-21 17:14:50,2024-03-26 17:14:50,"Garcia, Hamilton and Carr",USA
7fd5ff29-56cc-4ed5-9044-8752cce8a51a,2024-05-25 20:38:57,2024-05-31 20:38:57,Sheppard-Tucker,USA
68b6a752-c3f6-42c3-9a9a-2ece19956ed3,2024-08-16 00:24:22,2024-08-25 00:24:22,Wagner LLC,USA
602e98f9-1e3a-4ec7-b75b-5abd12c9fc8f,2024-04-23 00:38:50,2024-05-06 00:38:50,Faulkner-Howard,UK
b483337a-7656-403c-9208-4d8ba15af536,2024-01-04 10:55:36,2024-01-06 10:55:36,"Patrick, Barrera and Collins",USA
5b1634e6-6106-4f18-9a32-f0e2b64a1191,2024-02-23 18:30:44,2024-03-08 18:30:44,Campos PLC,France
a70e4f7c-2d3a-4636-afbc-3d5a4d2669b4,2024-02-28 15:38:16,2024-03-04 15:38:16,"Garcia, Hamilton and Carr",USA
2025b2ff-af92-4795-83a5-ca8b8429e577,2024-04-15 09:23:01,2024-04-18 09:23:01,Levy Group,USA
8c6dcdae-ec76-4394-a889-1f911a543e32,2024-05-09 11:35:29,2024-05-18 11:35:29,Wagner LLC,USA
68862f09-12e7-48f5-8d28-7dc0e3c01f40,2024-05-11 01:49:52,2024-05-20 01:49:52,Sheppard-Tucker,USA
bb3b4642-9e9c-4afe-91b1-33a8659448b6,2024-11-02 15:49:16,2024-11-09 15:49:16,"Garcia, Hamilton and Carr",USA
44029d8c-bd5b-485c-86bb-2eb68c0dab38,2024-05-22 14:33:56,2024-05-29 14:33:56,Campos PLC,France
a80812bb-b5e7-4432-81a0-ce2b175e3b27,2024-10-06 00:54:00,2024-10-11 00:54:00,"Jones, Jefferson and Rivera",USA
c653bcca-55f7-4b47-a76b-db9bb31314fd,2024-02-06 09:25:02,2024-02-12 09:25:02,Levy Group,USA
a3e6a291-258b-4c59-bfd3-1c9d57d3c3e4,2024-05-11 08:46:26,2024-05-22 08:46:26,Faulkner-Howard,UK
7f2f016e-381a-4fda-b90f-7a5033d75621,2024-10-29 16:41:31,2024-11-01 16:41:31,Sheppard-Tucker,USA
983ae560-1952-4e2b-8f2c-5e804e8f7670,2024-08-28 23:50:03,2024-09-09 23:50:03,Sheppard-Tucker,USA
1bdf124a-96ea-4ce1-9d9b-577654efd8d9,2024-01-14 20:25:34,2024-01-21 20:25:34,"Patrick, Barrera and Collins",USA
f0a10417-1663-436f-9a51-a90c9be08d44,2024-01-17 00:02:21,2024-01-27 00:02:21,"Jones, Jefferson and Rivera",USA
c5585699-5e59-4989-bf5a-5a8a9cdc11a4,2024-04-14 17:03:37,2024-04-17 17:03:37,"Garcia, Hamilton and Carr",USA
612e11c8-8277-4b11-a89d-bc46d17d0cb5,2024-03-04 15:17:27,2024-03-15 15:17:27,Campos PLC,France
06629c15-6669-4af4-870d-ebe521670d91,2024-02-28 00:39:30,2024-03-05 00:39:30,"Jones, Jefferson and Rivera",USA
23c0e0dc-407a-412c-95b2-f9b6446916dc,2024-08-14 14:09:32,2024-08-26 14:09:32,"Patrick, Barrera and Collins",USA
00fba3db-d441-49ce-93fd-48cf90bf8dd0,2024-04-22 10:37:23,2024-04-26 10:37:23,"Jones, Jefferson and Rivera",USA
0e84dfb7-31ac-4116-9148-713c0e35ea55,2024-05-20 03:53:36,2024-05-28 03:53:36,"Garcia, Hamilton and Carr",USA
e45184ae-24e9-4540-ad8e-82a95ba7badd,2024-06-02 07:43:40,2024-06-08 07:43:40,"Jones, Jefferson and Rivera",USA
9eb1430d-83d8-4d18-84e7-22c357cdff43,2024-08-01 00:14:39,2024-08-12 00:14:39,Chang-Fisher,USA
5fe5c5a7-b731-470c-a550-f04b3c2eb685,2024-02-20 08:20:28,2024-02-28 08:20:28,Campos PLC,France
fb404329-ef68-479f-bae7-c8c9155db21d,2024-04-23 22:45:05,2024-04-26 22:45:05,"Jones, Jefferson and Rivera",USA
39faeeab-42ba-4ca9-8f0d-b3cdb09daa5b,2024-02-14 14:54:43,2024-02-15 14:54:43,Levy Group,USA
a4a41107-03b8-472d-9c90-ffa61538bc4a,2024-07-04 15:53:08,2024-07-08 15:53:08,Chang-Fisher,USA
3a168429-e7fe-4b7c-8a02-dd7969bd1a45,2024-10-10 16:57:21,2024-10-16 16:57:21,"Jones, Jefferson and Rivera",USA
fd06be73-70ef-4f04-af91-670b024632d7,2024-04-03 02:13:21,2024-04-10 02:13:21,Chang-Fisher,USA
b19f9907-1673-444c-8649-9462aee2f12b,2024-12-28 15:13:07,2024-12-31 15:13:07,"Garcia, Hamilton and Carr",USA
6b4f7d4e-446b-4fa3-a869-8a4924f105ab,2024-01-19 17:46:54,2024-01-21 17:46:54,Sheppard-Tucker,USA
d289d47e-c8f3-4c99-b662-a1dc43b30b5b,2024-04-29 13:38:50,2024-05-10 13:38:50,"Patrick, Barrera and Collins",USA
36a04d0e-0dc1-419a-95ae-d31307d422ab,2024-03-10 17:52:14,2024-03-11 17:52:14,Archer-Patel,USA
8c75c8e9-d9f3-49e6-9644-649276b703b0,2024-11-28 20:09:35,2024-11-29 20:09:35,Sheppard-Tucker,USA
7ac27733-edc5-49e5-a53a-a3645fc796ec,2024-07-22 03:10:53,2024-08-01 03:10:53,Chang-Fisher,USA
2514d7f2-248a-4906-8908-19fcc3d622ec,2024-10-09 23:36:37,2024-10-14 23:36:37,Campos PLC,France
67a5c259-0c14-42ec-9119-af12ee32f2c7,2024-01-28 12:29:23,2024-02-09 12:29:23,Wagner LLC,USA
dde3d054-3534-4642-979d-6961561cc2bc,2024-04-27 13:05:42,2024-04-30 13:05:42,Levy Group,USA
76ea3080-a550-4b19-8e4c-5d0756aaee48,2024-06-05 13:48:31,2024-06-10 13:48:31,Wagner LLC,USA
19d561c8-12b4-4395-9bcd-614612e863ad,2024-11-20 11:58:52,2024-11-22 11:58:52,"Patrick, Barrera and Collins",USA
ed737769-8644-4a58-b6c2-7ae8c8dee9fa,2024-05-07 14:02:05,2024-05-15 14:02:05,Archer-Patel,USA
b57a73b0-c6a0-4f0c-8417-5b6d846dcccd,2024-04-26 04:59:01,2024-05-03 04:59:01,Faulkner-Howard,UK
26d318c2-bb78-4304-80bf-504265fe05b8,2024-06-10 01:29:08,2024-06-16 01:29:08,"Patrick, Barrera and Collins",USA
f8f4390b-b49b-467f-aba1-48d81d5d8f2f,2024-02-12 04:42:16,2024-02-23 04:42:16,"Patrick, Barrera and Collins",USA
8fc710cd-8798-41e1-824a-005ed2b89400,2024-02-08 14:28:41,2024-02-11 14:28:41,"Jones, Jefferson and Rivera",USA
1b318302-5510-45d6-b215-b73fc691b077,2024-08-05 19:18:51,2024-08-17 19:18:51,Faulkner-Howard,UK
5412ec12-2bb5-4bab-98fd-6c669709f2f8,2024-12-18 21:18:08,2024-12-27 21:18:08,Archer-Patel,USA
becb4690-a655-4e8f-b92f-78cbe708a064,2024-07-05 20:51:03,2024-07-08 20:51:03,Wagner LLC,USA
5aba2dc4-00b4-4a12-9c46-23c04cbb3151,2024-07-03 02:02:36,2024-07-06 02:02:36,"Jones, Jefferson and Rivera",USA
2e11d8bd-f19c-4d4e-961b-b204c3265e47,2024-05-10 21:49:06,2024-05-16 21:49:06,"Patrick, Barrera and Collins",USA
15d0a989-7600-4e31-8db8-2df414211ebe,2024-11-22 13:16:28,2024-11-29 13:16:28,"Jones, Jefferson and Rivera",USA
cefe7388-14a1-4149-ba80-24f6d529ba48,2024-11-05 20:43:40,2024-11-12 20:43:40,Wagner LLC,USA
c5594fda-e46b-4f47-8049-9e1f00bc6913,2024-11-11 11:27:06,2024-11-24 11:27:06,Wagner LLC,USA
31dcc6f7-060e-4818-b08c-67b959df5904,2024-05-13 11:03:54,2024-05-21 11:03:54,Wagner LLC,USA
c6f8655f-d179-4454-a203-a2c801ae0225,2024-02-18 06:47:28,2024-02-28 06:47:28,Chang-Fisher,USA
3c936d55-18d3-45aa-9dd1-ca79cb1a8d0a,2024-07-05 01:24:36,2024-07-12 01:24:36,Chang-Fisher,USA
41b00dcd-15aa-4f06-9a15-90da2bea0702,2024-02-15 01:16:24,2024-02-19 01:16:24,Sheppard-Tucker,USA
d732482d-5c25-41c5-9885-12d4138f37e5,2024-09-28 16:42:02,2024-10-12 16:42:02,Faulkner-Howard,UK
5f7adb7f-cc1b-4786-ba69-386f8f1e8aa9,2024-07-12 07:13:19,2024-07-18 07:13:19,Chang-Fisher,USA
03569ca1-dcdc-40f5-9cda-6f028ae791a7,2024-06-14 15:35:50,2024-06-26 15:35:50,Faulkner-Howard,UK
f4083e0c-ac0f-4cff-8fde-ab393d348c50,2024-01-15 16:32:55,2024-01-19 16:32:55,Levy Group,USA
3b4eb373-6ac3-40a0-a86a-df70eba39514,2024-04-27 05:56:27,2024-05-02 05:56:27,Levy Group,USA
237210dd-5ae4-46ef-b005-b6737c3149b9,2024-05-10 03:11:23,2024-05-12 03:11:23,"Garcia, Hamilton and Carr",USA
670b3de5-2f32-4cfb-82aa-cf9ac840c603,2024-10-12 08:22:32,2024-10-25 08:22:32,Campos PLC,France
6a3729d9-6609-4af1-8831-c2230faff20b,2024-09-23 20:20:02,2024-10-06 20:20:02,Archer-Patel,USA
5b85aa16-bc07-44ea-a29d-757b5add8a37,2024-12-13 08:24:36,2024-12-20 08:24:36,"Jones, Jefferson and Rivera",USA
32f47924-2886-49bf-836c-640f0c822ffc,2024-03-01 10:53:40,2024-03-02 10:53:40,"Garcia, Hamilton and Carr",USA
ceeb0875-629b-4f13-af3f-65115c585546,2024-12-23 04:07:16,2024-12-31 04:07:16,"Garcia, Hamilton and Carr",USA
8591bb83-7c6d-4043-b45f-88663fe60c93,2024-03-05 16:24:57,2024-03-17 16:24:57,"Patrick, Barrera and Collins",USA
027b3b7d-90ee-43c4-98be-dfc3d48f3550,2024-08-31 09:39:33,2024-09-10 09:39:33,"Jones, Jefferson and Rivera",USA
802d1909-73c7-47f1-b131-faf3a155de36,2024-08-07 05:24:13,2024-08-15 05:24:13,Campos PLC,France
5ba17065-01e7-49c8-981e-7483a082f428,2024-05-25 20:34:43,2024-06-06 20:34:43,"Jones, Jefferson and Rivera",USA
06223302-7ca3-4dd5-9e03-233c61a3ff2d,2024-11-09 01:34:08,2024-11-13 01:34:08,Archer-Patel,USA
4aa0b669-1f9e-4c77-a3a0-8adf468f61f4,2024-09-05 02:46:45,2024-09-10 02:46:45,Chang-Fisher,USA
1fbeeef7-2323-4cb1-9d62-0ef6b5ad2fc9,2024-02-03 18:10:10,2024-02-04 18:10:10,Chang-Fisher,USA
bbfb8594-6056-4f42-a98f-8f3611a2e876,2024-01-26 13:37:25,2024-01-29 13:37:25,Archer-Patel,USA
895199ee-18b1-4f52-b0d0-a6a6160d333b,2024-11-09 16:59:09,2024-11-10 16:59:09,Campos PLC,France
fb6a9719-dd16-4b68-8a28-1626093dbf69,2024-02-02 21:10:39,2024-02-13 21:10:39,Chang-Fisher,USA
485f4e4a-f40f-48f2-b6b1-ea70ecefe45b,2024-03-17 21:52:09,2024-03-20 21:52:09,Sheppard-Tucker,USA
28f5bd8b-73de-4427-bcaf-d23a699cabcc,2024-10-18 05:17:27,2024-10-31 05:17:27,"Patrick, Barrera and Collins",USA
98b86b13-9118-4629-85fc-0b6ebad6e249,2024-03-26 20:24:59,2024-04-06 20:24:59,Wagner LLC,USA
96728476-7554-4473-951a-ee08fff444d9,2024-01-24 18:01:00,2024-02-03 18:01:00,"Patrick, Barrera and Collins",USA
1adb86cf-697b-4497-a201-07953d89f105,2024-05-29 10:42:24,2024-06-07 10:42:24,Wagner LLC,USA
08f25431-df8d-4996-8908-2f8e41edfc5e,2024-01-04 01:10:36,2024-01-12 01:10:36,Wagner LLC,USA
a550bc82-d205-49df-b226-e55da78ebcd9,2024-02-08 02:08:21,2024-02-14 02:08:21,Levy Group,USA
96c7c77d-6f85-4d56-a63d-7e33bbc59827,2024-06-01 22:33:22,2024-06-03 22:33:22,Levy Group,USA
d207ec3d-ad9e-4377-ad10-2bbbe4e172bb,2024-08-04 02:43:09,2024-08-06 02:43:09,Archer-Patel,USA
b86e2369-8636-4f40-b599-46a784504441,2024-07-20 13:27:55,2024-07-26 13:27:55,"Garcia, Hamilton and Carr",USA
1c888f8a-2d06-46a3-871d-d4ec8416984f,2024-04-22 13:19:32,2024-04-30 13:19:32,Archer-Patel,USA
572848f4-6b30-42ae-8173-4c553aa69092,2024-06-23 04:44:08,2024-06-28 04:44:08,Chang-Fisher,USA
cc5957d9-f558-4c62-a0c4-a1a98e22e03d,2024-12-23 08:26:40,2024-12-31 08:26:40,Chang-Fisher,USA
a5b368c3-3862-426a-a085-b14eab013159,2024-07-08 18:15:26,2024-07-12 18:15:26,Archer-Patel,USA
ea0375ce-b5ab-46f1-8114-706c62698e1d,2024-11-02 03:23:01,2024-11-04 03:23:01,Wagner LLC,USA
999a2936-5860-4858-8b24-3bec14643d24,2024-08-15 03:33:28,2024-08-29 03:33:28,"Garcia, Hamilton and Carr",USA
80f87be5-7c80-4b04-9440-c54719e20755,2024-10-04 10:44:59,2024-10-10 10:44:59,Wagner LLC,USA
141c71f5-5bb9-4f6d-a097-ba522f463a01,2024-09-20 19:33:31,2024-10-04 19:33:31,Wagner LLC,USA
b38876c4-80fc-444b-bef8-fab1c9085823,2024-03-25 08:56:59,2024-03-30 08:56:59,Campos PLC,France
7d5dfab4-e88a-4c16-b8ae-227f46d7a566,2024-06-13 07:00:02,2024-06-18 07:00:02,"Garcia, Hamilton and Carr",USA
bc03e7c0-f5a5-4f96-be7a-58c6e934b9de,2024-02-02 11:47:52,2024-02-16 11:47:52,"Patrick, Barrera and Collins",USA
e74142fb-4ab9-44f0-8dce-bfa477b4cf7b,2024-05-23 01:05:52,2024-05-28 01:05:52,"Jones, Jefferson and Rivera",USA
292f2930-c7e9-4f5c-863a-db9521983944,2024-03-26 11:50:00,2024-04-01 11:50:00,Wagner LLC,USA
932a4172-1c1a-4de4-acc8-bf65091f83e9,2024-04-11 07:55:06,2024-04-12 07:55:06,Campos PLC,France
91437f50-7fcf-48a8-b769-5044f1134512,2024-08-15 06:43:12,2024-08-24 06:43:12,Sheppard-Tucker,USA
56fcf781-4be8-42bd-ad61-484af4f6b9f1,2024-10-28 19:05:54,2024-10-29 19:05:54,"Jones, Jefferson and Rivera",USA
2ea19455-1a00-4c71-921f-dd709b336951,2024-03-05 16:38:54,2024-03-13 16:38:54,"Jones, Jefferson and Rivera",USA
6567eb54-d85b-470b-a9eb-cf223caee28a,2024-06-16 11:16:16,2024-06-17 11:16:16,"Patrick, Barrera and Collins",USA
905e4754-9e03-4ca9-9ac8-02341d25a568,2024-03-15 13:03:25,2024-03-23 13:03:25,"Jones, Jefferson and Rivera",USA
77f52fd2-e40b-410e-8064-210b4cfe4720,2024-05-19 05:39:07,2024-05-27 05:39:07,Sheppard-Tucker,USA
e391bcb8-5c68-463d-8639-7f0e0341b84e,2024-02-14 15:59:35,2024-02-16 15:59:35,Sheppard-Tucker,USA
7494b6db-6407-4c64-92a7-6ba5390e0e07,2024-01-25 19:11:57,2024-01-29 19:11:57,Sheppard-Tucker,USA
4c4eb958-ac6f-4b4d-9758-6c3ad8f2e9cb,2024-11-15 05:24:55,2024-11-29 05:24:55,Faulkner-Howard,UK
6e564cc6-408f-4776-9810-b2aa61f50f4f,2024-12-01 09:08:20,2024-12-08 09:08:20,Wagner LLC,USA
df0e14c8-0924-47b0-89fe-78ba6ff210a4,2024-11-27 05:13:08,2024-12-05 05:13:08,Levy Group,USA
5da0f099-8709-495d-9b76-b15f6a6a9b4c,2024-09-29 15:09:10,2024-10-01 15:09:10,"Patrick, Barrera and Collins",USA
720e4d95-58b7-41f1-a320-d115aba23bec,2024-01-11 17:25:38,2024-01-20 17:25:38,"Patrick, Barrera and Collins",USA
32c3b56b-01fb-4bc7-91b9-68430c040861,2024-12-16 16:40:11,2024-12-17 16:40:11,Faulkner-Howard,UK
1c74a21b-2009-458d-8545-77e1dd319b04,2024-07-23 04:57:27,2024-07-27 04:57:27,"Jones, Jefferson and Rivera",USA
01e5b48d-e1b9-4eb1-a37d-829c96002c47,2024-06-24 09:19:37,2024-06-28 09:19:37,Faulkner-Howard,UK
5c014a02-d4e3-402c-8e4d-f7191c7de538,2024-10-19 05:14:03,2024-11-02 05:14:03,Campos PLC,France
31dacf45-7bf2-4804-b9ab-65e53d83f9c8,2024-09-19 21:21:38,2024-09-25 21:21:38,Archer-Patel,USA
e5de7e3a-7cac-4605-97b9-d6ce0039c2a1,2024-03-19 07:52:03,2024-03-26 07:52:03,Sheppard-Tucker,USA
189c9419-f644-4300-84b8-5926f2fdbd1c,2024-02-16 04:19:27,2024-02-25 04:19:27,Campos PLC,France
6c191c00-0fe3-44b8-9d1b-59c385e54fe6,2024-07-12 01:11:27,2024-07-22 01:11:27,"Garcia, Hamilton and Carr",USA
07ce5e6d-5119-42f9-ae28-3536818e4956,2024-06-03 13:11:47,2024-06-16 13:11:47,Wagner LLC,USA
83cc2cf2-2a99-4dcd-8b7d-1fbf89c3fd9b,2024-04-09 14:33:49,2024-04-21 14:33:49,Campos PLC,France
1a41cdcb-30ab-436e-a960-932f6a77d5e3,2024-03-21 11:32:31,2024-04-03 11:32:31,"Jones, Jefferson and Rivera",USA
c981b9d4-97e6-4349-a80f-45f231a7c3eb,2024-09-05 22:31:39,2024-09-14 22:31:39,Levy Group,USA
b03ebba8-f8ab-4db4-8227-7520351f4b6f,2024-01-17 08:24:49,2024-01-25 08:24:49,"Garcia, Hamilton and Carr",USA
5f69c1b3-5137-4c1d-97eb-249768fa1821,2024-11-05 16:36:58,2024-11-16 16:36:58,Campos PLC,France
052fe581-30a4-46de-89ea-3b4146222a45,2024-03-24 20:16:52,2024-03-29 20:16:52,Wagner LLC,USA
cc738fa0-d0bf-485e-8e0e-a6025f7a0a0f,2024-08-30 02:38:59,2024-08-31 02:38:59,Sheppard-Tucker,USA
9c613d76-f67c-46c4-8d23-5957cbf48ba6,2024-02-26 20:07:21,2024-03-07 20:07:21,Sheppard-Tucker,USA
706b22a9-fbd8-4830-b834-869b10eb76a1,2024-02-10 15:13:09,2024-02-13 15:13:09,"Patrick, Barrera and Collins",USA
a453b8c7-ccb1-4e38-8177-14d39a91e317,2024-03-17 21:12:52,2024-03-21 21:12:52,Wagner LLC,USA
525b0115-584e-4977-ae51-2670456a8873,2024-06-27 00:40:21,2024-07-02 00:40:21,Chang-Fisher,USA
caca86a3-78c1-4164-b882-1cb1bfd4e8d2,2024-05-26 19:30:47,2024-06-07 19:30:47,"Garcia, Hamilton and Carr",USA
15c9b604-ee80-45b6-9311-9f498fb3d769,2024-05-20 10:44:55,2024-05-29 10:44:55,"Patrick, Barrera and Collins",USA
14cb3c52-193a-4e2a-930e-028b867038f6,2024-07-31 04:44:08,2024-08-14 04:44:08,Chang-Fisher,USA
1e3360f2-338c-4d22-9073-5bcc35d9de31,2024-11-17 04:04:25,2024-11-19 04:04:25,"Patrick, Barrera and Collins",USA
25275832-310b-4a91-999d-35b28058228d,2024-02-28 18:32:18,2024-03-10 18:32:18,Campos PLC,France
45a89503-1bba-4fc3-89cd-0a04fe4406cc,2024-02-10 16:18:21,2024-02-12 16:18:21,Levy Group,USA
9d0605a5-3a35-42e1-ae44-402dbab300d7,2024-08-19 13:21:50,2024-08-25 13:21:50,Wagner LLC,USA
9e4154fc-4a05-4c10-93a1-819c373e2cd2,2024-07-08 11:34:14,2024-07-19 11:34:14,"Garcia, Hamilton and Carr",USA
ef5f6302-164f-4c6b-a6a0-316ef8f2b387,2024-02-27 15:12:25,2024-03-09 15:12:25,Campos PLC,France
cbe5d60f-0b2b-4f1f-93a1-d4fdec7ab385,2024-08-06 23:58:02,2024-08-10 23:58:02,Wagner LLC,USA
86aec391-02de-4dae-8db2-0bab58f64b7c,2024-06-06 15:19:34,2024-06-08 15:19:34,"Garcia, Hamilton and Carr",USA
0620685c-9692-44f1-9597-79931b6a1d0f,2024-09-04 21:58:46,2024-09-09 21:58:46,Archer-Patel,USA
0974c29d-09de-4171-afdc-e88119311339,2024-09-21 01:24:07,2024-09-25 01:24:07,Archer-Patel,USA
8127bf06-cca3-45a5-9eb2-bd11b084c322,2024-06-13 08:52:20,2024-06-24 08:52:20,"Jones, Jefferson and Rivera",USA
6c8c976e-5bc1-448f-87bb-4f897cb0d972,2024-12-06 20:21:08,2024-12-11 20:21:08,Levy Group,USA
646f3568-c7f8-43b8-988e-5eed0fc1beca,2024-07-21 10:12:11,2024-07-24 10:12:11,Faulkner-Howard,UK
c017bfb6-5c15-418a-b9cc-836e3dcb7683,2024-07-11 09:31:04,2024-07-24 09:31:04,Chang-Fisher,USA
6fae75f0-03ab-4b17-a8c4-4bf333be9548,2024-09-20 19:42:21,2024-09-29 19:42:21,"Garcia, Hamilton and Carr",USA
f9c04455-8b77-4e09-962a-59a79bcd16d6,2024-12-22 03:29:40,2024-12-28 03:29:40,Archer-Patel,USA
bd174496-3d8f-4976-8c8d-74e3435f4f5c,2024-12-10 18:43:36,2024-12-20 18:43:36,Chang-Fisher,USA
6dddc852-637c-41b2-8202-658324532b1c,2024-05-05 05:32:52,2024-05-18 05:32:52,Faulkner-Howard,UK
fea7d820-7235-4a76-ac2d-341701f17d3c,2024-11-19 17:05:43,2024-11-26 17:05:43,Faulkner-Howard,UK
6ce7fd1c-3f1d-4f9a-b9ea-d9e02d60a5bf,2024-07-12 13:48:20,2024-07-15 13:48:20,"Garcia, Hamilton and Carr",USA
8366f28d-a018-461f-93de-c4ac91adec86,2024-07-12 15:43:23,2024-07-14 15:43:23,Faulkner-Howard,UK
cefab93e-0300-47e4-a5a8-035e0a39558a,2024-09-03 15:13:58,2024-09-16 15:13:58,Wagner LLC,USA
17b4ead2-bbcd-4989-87e2-f72b21761844,2024-09-17 05:29:16,2024-09-30 05:29:16,"Jones, Jefferson and Rivera",USA
7bdcd2b3-77e1-4d92-8cc1-61c1864276ab,2024-12-05 16:47:08,2024-12-15 16:47:08,Wagner LLC,USA
75efbd37-a428-4e9c-9f0a-6f694b12a244,2024-03-19 10:41:43,2024-03-23 10:41:43,Faulkner-Howard,UK
dc1e36c2-51a3-41a5-a64f-5097717db652,2024-07-29 19:20:50,2024-08-12 19:20:50,Wagner LLC,USA
ed72ce7f-0df6-421a-9502-0a57ce90473f,2024-08-24 19:28:26,2024-09-06 19:28:26,"Patrick, Barrera and Collins",USA
9239aa08-8cdb-4a94-80c1-02c707fc5383,2024-12-27 16:28:12,2024-12-31 16:28:12,Levy Group,USA
2467002b-dd93-4aa8-8bec-85c98cef6873,2024-03-25 23:06:47,2024-04-04 23:06:47,Faulkner-Howard,UK
a9bd63a1-4fa2-45b9-826e-115493c45362,2024-01-04 18:27:14,2024-01-15 18:27:14,"Jones, Jefferson and Rivera",USA
79de3aa5-886d-45cb-b61b-951eb683c515,2024-05-12 03:04:59,2024-05-14 03:04:59,Levy Group,USA
1b7aa197-5268-4847-8bc7-84784729b912,2024-10-01 00:36:36,2024-10-15 00:36:36,Chang-Fisher,USA
28bb1d15-a17e-4e55-83d5-4ab030c134c8,2024-10-17 02:54:25,2024-10-26 02:54:25,Levy Group,USA
5a28f66d-60d9-4fa6-ae64-c510a143aec8,2024-12-15 03:21:44,2024-12-21 03:21:44,"Jones, Jefferson and Rivera",USA
11592cd2-06d2-451e-b237-71187bc916a4,2024-05-03 14:23:34,2024-05-11 14:23:34,Campos PLC,France
949ca48b-5547-4f51-8085-bf82e8ed8130,2024-11-13 17:24:57,2024-11-14 17:24:57,Wagner LLC,USA
c0d0b6fe-eae0-4cd2-82b8-1f917c816a9d,2024-05-04 23:37:31,2024-05-13 23:37:31,Faulkner-Howard,UK
082f8dd0-3b43-489c-84cc-d9df6fcd4f3f,2024-01-14 18:35:17,2024-01-25 18:35:17,"Jones, Jefferson and Rivera",USA
379e6ab2-af1d-43d0-9c82-f3618ec2b3a4,2024-07-22 22:21:20,2024-08-04 22:21:20,"Jones, Jefferson and Rivera",USA
44cebd82-1dce-48d1-a9ec-fe3568978f0e,2024-02-27 14:52:46,2024-03-07 14:52:46,Archer-Patel,USA
070c95d0-5bfe-4cd4-b910-ed38156ae5c0,2024-12-05 14:46:29,2024-12-17 14:46:29,Sheppard-Tucker,USA
cf6c0f42-0df0-49b2-83d1-8b9211715bd0,2024-04-09 18:18:46,2024-04-14 18:18:46,Faulkner-Howard,UK
c898599a-effc-4115-95d8-549754536a8f,2024-08-22 00:30:54,2024-09-01 00:30:54,"Patrick, Barrera and Collins",USA
4a0a2dee-ef4b-48f0-b59c-fa184c9de18f,2024-10-31 12:57:43,2024-11-12 12:57:43,Wagner LLC,USA
33cf46a6-48ee-4d06-a605-8023e0180787,2024-03-01 13:08:35,2024-03-15 13:08:35,Archer-Patel,USA
b72db139-4c60-4bc0-90ba-4a96713191ca,2024-11-23 03:06:56,2024-12-06 03:06:56,Campos PLC,France
0bafdcbb-8aaf-472d-8b74-71a1736f07db,2024-05-27 04:35:01,2024-06-03 04:35:01,Chang-Fisher,USA
a90b1c9f-5a9f-408a-ad64-bf26bf5ea860,2024-08-14 09:28:15,2024-08-18 09:28:15,Chang-Fisher,USA
b594e5b6-ed9f-442b-8262-7ed703ae711b,2024-04-24 07:50:32,2024-04-30 07:50:32,Wagner LLC,USA
9ef7e214-a9ad-47f1-98f1-df59eb878511,2024-10-05 21:28:19,2024-10-11 21:28:19,"Jones, Jefferson and Rivera",USA
6e06d834-e0c4-4ac3-9aba-9f433f69c8be,2024-10-01 07:52:31,2024-10-12 07:52:31,Wagner LLC,USA
42ebe437-931f-4c92-bc3a-06d52f65f310,2024-11-09 10:18:04,2024-11-14 10:18:04,Archer-Patel,USA
9d712aef-fca8-4262-a32e-333557ff39f6,2024-07-01 16:44:17,2024-07-12 16:44:17,Faulkner-Howard,UK
0df2a81f-f25b-4831-abc7-b1f4ca869abf,2024-01-26 18:30:42,2024-01-31 18:30:42,Chang-Fisher,USA
cdd06af3-7450-4a73-85c2-4bcd07c5ca9f,2024-11-06 16:02:07,2024-11-12 16:02:07,Levy Group,USA
0942ad07-c976-483b-9489-33acf74fa209,2024-02-02 20:55:52,2024-02-11 20:55:52,Chang-Fisher,USA
02bb4fde-08b9-46a2-a1b7-a7b2184e9560,2024-07-19 14:23:16,2024-07-31 14:23:16,Faulkner-Howard,UK
aeb475d1-93e0-437f-b12a-584fccde0e9b,2024-12-03 10:41:28,2024-12-09 10:41:28,Chang-Fisher,USA
a84dab2d-2b50-438b-a14c-66b959f1eadf,2024-12-21 13:12:41,2024-12-29 13:12:41,Chang-Fisher,USA
d354b5f3-b949-4449-aa3e-65768a90d859,2024-01-16 07:22:55,2024-01-17 07:22:55,Wagner LLC,USA
0526302e-8cd4-4199-8f11-4fa0ff4627ed,2024-01-26 18:28:13,2024-01-27 18:28:13,Chang-Fisher,USA
87444141-ce17-41a4-a25e-bd2e3503b67c,2024-03-28 09:59:49,2024-04-01 09:59:49,Archer-Patel,USA
5d6983e8-fe1b-4234-8afe-53dcc4a10f48,2024-02-20 16:17:37,2024-02-22 16:17:37,Chang-Fisher,USA
fa62b10f-6f86-4697-9683-7c3f26b81a3f,2024-01-16 18:43:04,2024-01-22 18:43:04,"Patrick, Barrera and Collins",USA
06a2db8a-64ab-4c64-9117-911d85c5bea9,2024-04-26 16:22:51,2024-04-29 16:22:51,Wagner LLC,USA
3bc45b05-f721-4bdd-97a7-cf13b32ef40c,2024-01-06 22:28:04,2024-01-14 22:28:04,"Patrick, Barrera and Collins",USA
3cf01043-59f8-4b14-b84d-1ac582d52bca,2024-10-21 17:26:55,2024-10-24 17:26:55,Archer-Patel,USA
e1523076-1103-4c41-ad68-d004487f15db,2024-11-23 18:13:40,2024-11-28 18:13:40,Faulkner-Howard,UK
8d464cc4-e77b-4558-aeba-595bad5dba06,2024-06-23 05:09:12,2024-07-04 05:09:12,Archer-Patel,USA
5f0cde89-6739-4329-9dda-7aca1fe3bbf5,2024-05-08 09:21:46,2024-05-20 09:21:46,"Patrick, Barrera and Collins",USA
e0aa076b-78dd-4775-868a-82ede7c0b873,2024-11-30 17:31:18,2024-12-07 17:31:18,Chang-Fisher,USA
c0e277dc-2797-4830-bc82-247250726023,2024-03-03 09:44:23,2024-03-10 09:44:23,Campos PLC,France
86c9ca66-d031-4566-b340-675488b4669d,2024-11-06 22:33:23,2024-11-15 22:33:23,"Garcia, Hamilton and Carr",USA
57530b7d-b4ac-4c5e-81dd-dbb4166fefd4,2024-02-27 19:05:53,2024-03-11 19:05:53,"Jones, Jefferson and Rivera",USA
242f7d0c-6fc7-48e7-8ea8-bc4cd543d88b,2024-12-03 08:49:44,2024-12-16 08:49:44,Chang-Fisher,USA
0ed2759d-5e22-4f89-a86e-15bc943e91dc,2024-09-11 19:08:34,2024-09-21 19:08:34,Sheppard-Tucker,USA
4c290de6-161a-4ecd-a032-57496fd8d241,2024-06-27 22:21:44,2024-07-04 22:21:44,"Patrick, Barrera and Collins",USA
87f0cee1-945a-444b-991a-3e10d29901b4,2024-05-24 04:58:14,2024-05-27 04:58:14,Chang-Fisher,USA
3e09f5ba-e1e3-4d97-b6fd-36d31359c109,2024-07-15 02:56:17,2024-07-24 02:56:17,Faulkner-Howard,UK
aeff3b49-8545-4f5f-bf8b-4889ab9f76cc,2024-05-28 10:39:56,2024-06-07 10:39:56,"Garcia, Hamilton and Carr",USA
2a756e08-bf6d-4945-8bd4-43988194d8e1,2024-12-15 22:46:19,2024-12-29 22:46:19,Faulkner-Howard,UK
cefc5a3b-05ac-47f4-a878-ee0af835280b,2024-07-24 18:09:55,2024-07-26 18:09:55,Archer-Patel,USA
b1b312fd-4794-4777-9f5f-bd16acd6d997,2024-07-14 02:58:26,2024-07-18 02:58:26,Faulkner-Howard,UK
1c5cbbde-9585-43e4-94d3-609634652295,2024-01-14 01:20:33,2024-01-18 01:20:33,Chang-Fisher,USA
47ee72ca-f93c-4ebc-a9b7-6da18a8bec89,2024-08-10 20:52:45,2024-08-23 20:52:45,Faulkner-Howard,UK
59990616-540a-4441-a062-36a9d2573a99,2024-02-05 04:53:24,2024-02-17 04:53:24,"Garcia, Hamilton and Carr",USA
6d9dc595-6222-400f-9b56-221d5c19ebfd,2024-09-20 12:44:36,2024-09-23 12:44:36,Sheppard-Tucker,USA
e5b01bf3-c9ec-4c0f-b020-39f23dcbcf6a,2024-11-04 09:58:09,2024-11-11 09:58:09,Levy Group,USA
586d5da6-c690-4dc2-847a-9e019a63ce8c,2024-11-08 16:10:08,2024-11-10 16:10:08,Levy Group,USA
49252b05-83ca-4788-8e6d-378a471ab71a,2024-07-20 04:05:40,2024-07-31 04:05:40,"Jones, Jefferson and Rivera",USA
7e0f58de-a0e7-4961-999a-d5a066074463,2024-10-21 07:38:24,2024-11-02 07:38:24,Faulkner-Howard,UK
458ed475-8408-4898-b728-c18ac062263e,2024-08-21 01:43:53,2024-08-31 01:43:53,Levy Group,USA
1e31a03d-4014-4641-bb97-6e9f6701898a,2024-01-30 15:42:32,2024-01-31 15:42:32,Campos PLC,France
4e1b5c0e-89ba-4a14-a4a6-edcdc0a00df6,2024-10-17 02:13:19,2024-10-23 02:13:19,"Patrick, Barrera and Collins",USA
c288a6b5-6274-4071-9bef-cc59e8fc426b,2024-06-14 14:01:31,2024-06-15 14:01:31,Chang-Fisher,USA
3d552faf-9500-4e65-a62c-e944e03e9d7a,2024-12-17 18:29:17,2024-12-25 18:29:17,Sheppard-Tucker,USA
a155c791-8d85-4b86-b482-159f340c1870,2024-10-20 01:33:07,2024-10-26 01:33:07,Campos PLC,France
0ed51a7d-3f10-4873-bd70-52709bada37c,2024-03-21 01:02:10,2024-04-01 01:02:10,Faulkner-Howard,UK
7eb26ade-4844-4630-a474-c047d58db794,2024-04-22 11:51:55,2024-04-30 11:51:55,Wagner LLC,USA
2a103107-ff64-473f-ada5-0fe571f4ab3e,2024-07-26 22:26:29,2024-08-04 22:26:29,Archer-Patel,USA
182a726b-34ea-4d27-b31b-df7771f61c5c,2024-12-15 23:13:17,2024-12-18 23:13:17,"Patrick, Barrera and Collins",USA
755ec8fb-4414-418f-8eee-f460c139d6ef,2024-08-20 11:29:21,2024-08-26 11:29:21,Campos PLC,France
4e9cd660-69ae-4758-976f-a51bd56ef553,2024-06-11 06:33:25,2024-06-24 06:33:25,"Jones, Jefferson and Rivera",USA
f6f62b26-666f-4695-a5d1-d9c551897e49,2024-11-16 16:03:00,2024-11-23 16:03:00,Chang-Fisher,USA
c5084479-4896-49af-9c5d-dadde4e18770,2024-07-06 06:33:22,2024-07-11 06:33:22,"Garcia, Hamilton and Carr",USA
299e85f2-16b2-49af-a078-6f9aa0586a1f,2024-11-24 08:33:23,2024-11-29 08:33:23,"Garcia, Hamilton and Carr",USA
3c7dc6a2-51b8-4c42-a14a-4cd0ae08469b,2024-11-03 05:01:44,2024-11-11 05:01:44,Chang-Fisher,USA
bfcf60d4-4e8c-4660-9c57-545821a2a7ee,2024-05-30 21:43:28,2024-06-12 21:43:28,"Garcia, Hamilton and Carr",USA
4fad724d-1571-48ed-b7de-3027251c1035,2024-08-23 21:39:25,2024-09-02 21:39:25,"Garcia, Hamilton and Carr",USA
5a233287-9e70-4869-8102-ec9e4e9b1ad3,2024-08-15 17:32:11,2024-08-20 17:32:11,Chang-Fisher,USA
81323928-8efd-4738-b2d6-67334647e0f2,2024-03-31 17:02:25,2024-04-08 17:02:25,"Patrick, Barrera and Collins",USA
669e8736-9cf0-4ab6-a1b0-c3d646e20281,2024-11-26 14:50:45,2024-12-08 14:50:45,Sheppard-Tucker,USA
fd80595f-b7f6-4f04-92d0-8f463176a80f,2024-12-01 20:18:12,2024-12-08 20:18:12,Archer-Patel,USA
4bea7253-5bb7-45ea-b67c-e8d30dbce6f4,2024-11-05 22:27:12,2024-11-13 22:27:12,Chang-Fisher,USA
6ee25dd8-3947-4046-9895-3045cb8c7d63,2024-01-08 22:54:14,2024-01-09 22:54:14,Campos PLC,France
ce57b2f5-13e1-402d-8fd0-0453b76efef5,2024-09-12 03:32:23,2024-09-24 03:32:23,Chang-Fisher,USA
8aca2439-e86c-48eb-8627-f7cf539d18f6,2024-12-09 19:10:30,2024-12-14 19:10:30,Levy Group,USA
a6dd7a8d-385f-4caf-b637-3df5422abbd8,2024-01-01 02:14:36,2024-01-13 02:14:36,Campos PLC,France
bb021ed6-32ca-4971-a218-439ea2cd0a1b,2024-10-14 16:14:51,2024-10-25 16:14:51,Wagner LLC,USA
bb34ce71-ab6a-411e-ad77-3928489486c4,2024-03-11 16:04:23,2024-03-24 16:04:23,"Garcia, Hamilton and Carr",USA
2caf81cf-78c8-46bf-be48-b299e0e8c03e,2024-04-27 10:57:51,2024-05-06 10:57:51,Archer-Patel,USA
bfa032df-58e6-45e3-a4f7-92e86128e0c4,2024-07-15 20:15:25,2024-07-22 20:15:25,Campos PLC,France
a65e6711-5003-45ca-b33b-39b751e73194,2024-08-09 11:16:13,2024-08-13 11:16:13,Sheppard-Tucker,USA
369b3d0b-bb30-4161-ac21-dd0621dea338,2024-04-08 19:44:00,2024-04-18 19:44:00,Archer-Patel,USA
b668070c-9201-4012-8b6d-2dc660b04362,2024-05-09 04:51:23,2024-05-22 04:51:23,Wagner LLC,USA
c44ce9b2-e2b2-4ac6-a2c3-3cd9b675334f,2024-01-26 11:37:50,2024-02-05 11:37:50,"Garcia, Hamilton and Carr",USA
e6aa32db-4b01-4e5a-9ffa-67cd5284f477,2024-07-10 15:50:48,2024-07-21 15:50:48,Archer-Patel,USA
07874f30-ed5c-4c5c-bd8d-97e346c8bedf,2024-11-29 22:41:39,2024-12-02 22:41:39,Faulkner-Howard,UK
51d46f30-e8cd-47dd-a6e4-87552b3ada11,2024-04-11 18:05:13,2024-04-17 18:05:13,Chang-Fisher,USA
45c8f55b-5022-41a0-9c38-e28892219883,2024-11-16 09:44:48,2024-11-26 09:44:48,Chang-Fisher,USA
1e81df50-1a96-48da-a1a5-3067bbc6c700,2024-04-27 14:20:45,2024-05-07 14:20:45,Faulkner-Howard,UK
0e071d7e-d591-43ae-8332-103bf73474a3,2024-10-27 00:02:12,2024-11-02 00:02:12,Archer-Patel,USA
96be81a7-51de-4465-82e2-92cd9fd17948,2024-06-07 11:31:03,2024-06-12 11:31:03,Campos PLC,France
bf1283a7-80c1-43ee-a8fa-ad587fce9602,2024-05-29 04:37:41,2024-06-04 04:37:41,"Jones, Jefferson and Rivera",USA
366740cd-841c-4bd2-8cc5-95bb3035cfd8,2024-11-10 14:05:49,2024-11-23 14:05:49,"Patrick, Barrera and Collins",USA
85ac9e5d-8711-4c9f-88f2-39f92f263fef,2024-05-29 00:09:05,2024-06-08 00:09:05,"Patrick, Barrera and Collins",USA
182aea01-699c-43bc-afe7-7cbd5cef2e1f,2024-01-25 04:17:37,2024-01-28 04:17:37,Chang-Fisher,USA
0b1bbeb3-4a79-42e0-9be2-3b207df92414,2024-03-04 14:41:02,2024-03-17 14:41:02,Faulkner-Howard,UK
953fb3bc-7c2c-43ab-829c-73f239b35894,2024-09-05 22:24:42,2024-09-15 22:24:42,Chang-Fisher,USA
90c2e002-aaca-4996-84cd-8cb2f71676b1,2024-12-29 07:43:07,2024-12-31 07:43:07,Faulkner-Howard,UK
36a97143-8a8b-4ac4-9646-ce3bfbe46391,2024-02-19 10:42:57,2024-02-25 10:42:57,Chang-Fisher,USA
27a51ec3-7b3c-4baf-ad58-0c8e90f6bf86,2024-04-02 19:11:28,2024-04-14 19:11:28,"Jones, Jefferson and Rivera",USA
bac6d52b-f152-43ca-964c-c4e334113bbc,2024-04-21 11:51:26,2024-05-02 11:51:26,Campos PLC,France
f64b968e-e31e-432d-aa85-337502d6e6b7,2024-10-10 06:58:22,2024-10-22 06:58:22,Levy Group,USA
1f91e552-ec33-46cc-87bf-a6057ef11434,2024-11-18 07:36:28,2024-11-22 07:36:28,Sheppard-Tucker,USA
01fe43d7-ee9a-4de6-971a-b83be612e227,2024-05-09 17:20:07,2024-05-18 17:20:07,"Patrick, Barrera and Collins",USA
e2ed9721-4a65-4808-a9e5-4f6d34933e57,2024-01-22 13:32:58,2024-01-27 13:32:58,Faulkner-Howard,UK
34aaf39a-00cc-441c-9c70-990f6fa8f77b,2024-01-14 22:55:39,2024-01-23 22:55:39,Faulkner-Howard,UK
ca3ed305-edec-46e7-a518-016a6dd868c2,2024-07-05 22:19:28,2024-07-07 22:19:28,Faulkner-Howard,UK
624d125b-d279-4324-adad-763478213f1c,2024-06-11 06:47:37,2024-06-21 06:47:37,Sheppard-Tucker,USA
7aca30c8-1338-45f7-a217-839c5af9d1aa,2024-02-24 17:19:43,2024-03-04 17:19:43,"Garcia, Hamilton and Carr",USA
89d081e1-b61f-4fd3-9258-47bd41f47f25,2024-07-10 00:11:48,2024-07-20 00:11:48,"Patrick, Barrera and Collins",USA
96141838-45e2-41b7-90c8-11b3e34d7538,2024-12-11 15:02:32,2024-12-24 15:02:32,"Patrick, Barrera and Collins",USA
65b86b5c-25aa-4122-be62-654234e71bb6,2024-12-01 06:46:26,2024-12-06 06:46:26,Campos PLC,France
2e95e31e-7cf3-4931-8b66-e90d0801079a,2024-08-21 18:44:10,2024-08-26 18:44:10,Chang-Fisher,USA
fe4a3bdb-6cbb-4207-ae12-bbe12b837057,2024-10-05 12:41:01,2024-10-12 12:41:01,Campos PLC,France
c82febcd-e0dd-4548-b42c-06d1e2cdd832,2024-02-01 16:45:00,2024-02-06 16:45:00,"Garcia, Hamilton and Carr",USA
511f257e-0507-48c4-8ba1-84e7ce0a7658,2024-09-18 13:52:59,2024-09-27 13:52:59,"Garcia, Hamilton and Carr",USA
4f17402f-2833-44d3-8223-8253968414ee,2024-09-28 08:19:21,2024-10-04 08:19:21,Archer-Patel,USA
b0b45d49-8fc5-48a7-b9c5-2dc932000d5f,2024-02-28 18:54:20,2024-03-03 18:54:20,"Patrick, Barrera and Collins",USA
18ab78ab-a699-4d8c-9094-d7a6d94fd76b,2024-11-10 16:26:10,2024-11-23 16:26:10,Faulkner-Howard,UK
ee270287-9d7d-4c6d-b86a-4337fb22370b,2024-05-17 00:04:18,2024-05-31 00:04:18,Chang-Fisher,USA
27c1c946-2013-4408-aeb6-17a03c0ea803,2024-06-08 16:06:15,2024-06-21 16:06:15,"Garcia, Hamilton and Carr",USA
dc88f37b-2a82-4e2f-b40b-8cfd4cc081ef,2024-01-14 15:53:57,2024-01-17 15:53:57,Levy Group,USA
113c8667-2429-4699-87f6-59499f5cc3cc,2024-08-25 14:07:03,2024-09-01 14:07:03,Archer-Patel,USA
2a9d056b-4750-4c86-800d-b7625df9b219,2024-06-30 02:02:05,2024-07-08 02:02:05,Chang-Fisher,USA
1f905958-a9be-443f-aed4-e17cb5ce7222,2024-05-30 04:08:48,2024-06-08 04:08:48,"Patrick, Barrera and Collins",USA
db36383d-1900-48d2-87da-eccdbd38f2c6,2024-06-27 05:05:36,2024-07-08 05:05:36,Levy Group,USA
b66d2f7d-189f-40dc-91a6-1ef94b1f05a3,2024-01-19 06:22:42,2024-02-01 06:22:42,Wagner LLC,USA
d631ec8b-4928-4564-b9b8-92c026985d23,2024-02-09 09:52:00,2024-02-10 09:52:00,Archer-Patel,USA
f2bad53d-897f-4d31-b533-3a364aa6d902,2024-07-01 21:00:19,2024-07-10 21:00:19,Faulkner-Howard,UK
56382e9b-db26-44db-b982-89c74757b8d0,2024-10-29 04:52:06,2024-11-09 04:52:06,Wagner LLC,USA
56f40882-2591-48b9-8995-5f91377fd47f,2024-02-28 18:50:59,2024-03-10 18:50:59,Archer-Patel,USA
3d6d3ffe-dccf-4667-ae06-034f4ab7d715,2024-01-08 20:32:21,2024-01-19 20:32:21,"Jones, Jefferson and Rivera",USA
36e776cf-e0f1-432e-a0b7-774e474a0a24,2024-01-13 14:36:00,2024-01-14 14:36:00,Wagner LLC,USA
fb6af311-636a-43f3-be5e-db784d19d976,2024-08-20 08:33:45,2024-08-30 08:33:45,Wagner LLC,USA
4285391f-a439-400e-8959-ebd55e7eac5f,2024-08-27 18:35:20,2024-09-01 18:35:20,Faulkner-Howard,UK
1b2c746f-e71c-4716-ae0a-6f475d2844c0,2024-02-21 12:52:18,2024-03-05 12:52:18,"Patrick, Barrera and Collins",USA
b4c5657d-f83c-409f-b696-6848c6a933de,2024-09-01 15:42:41,2024-09-03 15:42:41,Levy Group,USA
f4aad675-1c52-450e-bd7a-dce687a66c19,2024-05-05 19:04:21,2024-05-13 19:04:21,Wagner LLC,USA
b4e41dd0-87e5-4d62-82ff-b211beef9721,2024-02-10 21:24:00,2024-02-22 21:24:00,"Jones, Jefferson and Rivera",USA
95373fa0-a044-44ef-b479-f7981b71372f,2024-09-28 21:12:56,2024-10-12 21:12:56,"Garcia, Hamilton and Carr",USA
3a9db095-d5c2-4589-98f4-5aa15988e89d,2024-08-01 06:23:27,2024-08-14 06:23:27,Sheppard-Tucker,USA
f2759a71-9ed2-4d5a-adb1-16acbf9fad15,2024-09-09 01:02:46,2024-09-13 01:02:46,Faulkner-Howard,UK
d94178c2-27cc-4d59-a981-7fa4b42bfcba,2024-05-14 15:10:47,2024-05-22 15:10:47,Sheppard-Tucker,USA
45153130-cfd4-4389-8059-7f36c647cd74,2024-03-16 17:17:09,2024-03-23 17:17:09,"Patrick, Barrera and Collins",USA
60fa808f-aea9-4f8b-b89f-a3bc7b247883,2024-05-28 21:40:41,2024-06-02 21:40:41,Campos PLC,France
cc7151a7-265b-4685-991e-db43dc8514ba,2024-10-31 05:58:31,2024-11-07 05:58:31,Archer-Patel,USA
7b96f6fd-e842-450e-b5ce-d153d41cf7dc,2024-10-28 12:45:28,2024-11-07 12:45:28,Archer-Patel,USA
d3ed1f92-1971-43e8-b97e-733e7b2d8407,2024-10-28 22:27:41,2024-10-30 22:27:41,Campos PLC,France
cacab1d1-1c73-4dce-be0c-9da105b5035f,2024-07-09 10:06:38,2024-07-10 10:06:38,"Jones, Jefferson and Rivera",USA
53fa24ca-72af-429b-83c2-66954efbae9b,2024-02-13 02:33:58,2024-02-14 02:33:58,Campos PLC,France
4427c4e3-faa0-4d61-a7e4-641324ed890a,2024-12-08 06:05:36,2024-12-12 06:05:36,"Patrick, Barrera and Collins",USA
201c25f3-9454-4a64-ab1e-39015a63b439,2024-01-24 08:44:22,2024-01-31 08:44:22,"Patrick, Barrera and Collins",USA
62a0f4b8-a7df-4c3f-a389-f06d40f06e8a,2024-08-24 22:43:41,2024-09-06 22:43:41,"Patrick, Barrera and Collins",USA
76c5a3fd-2d25-4e0c-8385-191df6af24ed,2024-09-29 04:05:30,2024-10-11 04:05:30,Chang-Fisher,USA
798bf835-1e60-4ad4-9d0f-ab997b313c67,2024-06-30 10:30:41,2024-07-10 10:30:41,"Jones, Jefferson and Rivera",USA
fcca8dac-29c2-4b4b-932b-fc81e1332213,2024-08-26 13:58:42,2024-09-01 13:58:42,Levy Group,USA
2a3dcb83-31a7-4885-98d7-82a3ab80a0a7,2024-09-02 13:34:51,2024-09-05 13:34:51,Levy Group,USA
615ca86b-e96f-4b1c-916a-05fa82cf0d66,2024-12-28 16:43:24,2024-12-31 16:43:24,Campos PLC,France
8bb8b7ef-8d24-42a3-81ab-f95405f22f8d,2024-05-11 05:08:00,2024-05-17 05:08:00,Chang-Fisher,USA
1dfa07cc-7338-4f45-b061-072c8d06a89a,2024-09-09 14:50:24,2024-09-16 14:50:24,"Jones, Jefferson and Rivera",USA
92e93d03-833d-4f22-87b8-51d635105f92,2024-02-18 06:46:54,2024-02-27 06:46:54,Faulkner-Howard,UK
b71aa5ee-dbcd-48ce-ad61-57f27908fb80,2024-09-22 01:38:13,2024-09-23 01:38:13,Sheppard-Tucker,USA
a78da401-c5bf-4eb7-aa14-21374dfa4da6,2024-10-04 03:23:29,2024-10-14 03:23:29,Archer-Patel,USA
9e6bcd9a-90d5-4163-beaa-b86f820fcc9c,2024-08-29 13:48:33,2024-09-04 13:48:33,Chang-Fisher,USA
3a78b3df-4cda-454c-8235-578a82da8a15,2024-04-25 02:31:16,2024-04-27 02:31:16,Wagner LLC,USA
5f93543b-ed58-4c56-a83c-9ce18fd9349d,2024-11-02 05:58:20,2024-11-14 05:58:20,Sheppard-Tucker,USA
f0792b5a-60d5-4d94-8186-4311452d8b58,2024-11-25 18:28:47,2024-12-06 18:28:47,"Garcia, Hamilton and Carr",USA
6741deb4-dc0c-45a7-9c0e-b8d2f698fc4d,2024-02-19 08:44:34,2024-02-27 08:44:34,Chang-Fisher,USA
1cf26e12-5b05-493c-9558-336951fb8042,2024-12-20 02:26:11,2024-12-26 02:26:11,Chang-Fisher,USA
ceed7967-f13e-40ae-a3e4-48a7e13d8fc7,2024-05-30 13:07:10,2024-06-05 13:07:10,"Patrick, Barrera and Collins",USA
364e466d-6602-4d87-9597-28ec618c3a7a,2024-11-06 10:24:00,2024-11-09 10:24:00,Campos PLC,France
ef89d93c-402e-4d5e-9b7a-3520d54a86d0,2024-04-24 02:26:50,2024-05-01 02:26:50,Faulkner-Howard,UK
47a658db-d19c-4719-a62b-f49780db9d8d,2024-12-22 02:00:36,2024-12-31 02:00:36,Faulkner-Howard,UK
86199eaa-55f1-43c9-977a-258c0a83277b,2024-10-16 15:12:41,2024-10-23 15:12:41,Campos PLC,France
594a0e39-e977-4399-9ba2-28f54a95bf80,2024-12-04 20:36:46,2024-12-13 20:36:46,Chang-Fisher,USA
2b8c96bb-f4ee-4432-af0e-23482b949d68,2024-09-21 11:26:24,2024-09-24 11:26:24,Faulkner-Howard,UK
5037f1f5-c0ba-4343-82ab-4d0cedf5b3f8,2024-11-10 16:05:07,2024-11-13 16:05:07,"Jones, Jefferson and Rivera",USA
3b9bb914-e17d-415b-b0a3-2b84d5242778,2024-02-17 04:57:01,2024-02-29 04:57:01,Chang-Fisher,USA
68e05011-fd87-4caf-aa56-de108084c35e,2024-07-20 13:29:55,2024-08-01 13:29:55,"Garcia, Hamilton and Carr",USA
fb6dfe7d-ca13-439a-af43-6c625101755d,2024-11-30 03:48:33,2024-12-01 03:48:33,"Garcia, Hamilton and Carr",USA
27c048c1-2612-4b3d-b12e-842874c01582,2024-11-01 01:17:22,2024-11-13 01:17:22,"Patrick, Barrera and Collins",USA
ab92e808-3b99-4617-a862-d44d3f10fc8a,2024-03-14 10:47:44,2024-03-17 10:47:44,Archer-Patel,USA
d4f2447e-c435-4408-95c6-bcd51b54bdbd,2024-01-15 19:54:16,2024-01-28 19:54:16,Levy Group,USA
1da388a1-2e32-4a58-8184-076cbba07170,2024-10-30 17:49:54,2024-11-13 17:49:54,Sheppard-Tucker,USA
24696b41-4fcd-4479-93a8-ea219a146b41,2024-06-01 05:57:02,2024-06-03 05:57:02,"Garcia, Hamilton and Carr",USA
b83c66c5-72e7-4af9-b9da-665e3ee8e282,2024-06-21 15:46:56,2024-06-24 15:46:56,Campos PLC,France
6209f983-9142-468f-a9bc-f11c599256a9,2024-05-24 07:23:30,2024-05-28 07:23:30,Campos PLC,France
455fa6c0-3115-445d-83c8-18bef9a72b2b,2024-10-20 20:10:27,2024-10-26 20:10:27,Campos PLC,France
7e5c9511-6f96-4e0a-a8ff-310cd890444a,2024-03-14 23:22:46,2024-03-27 23:22:46,Campos PLC,France
fc68bfcf-5c03-4909-bd3e-5e877147f109,2024-06-25 21:17:25,2024-07-04 21:17:25,"Jones, Jefferson and Rivera",USA
8f9e5463-76de-437e-8db5-fa010136b4ed,2024-05-18 11:19:20,2024-05-21 11:19:20,"Jones, Jefferson and Rivera",USA
479853ff-6482-40f0-a21e-0a675d14bcd0,2024-11-02 15:13:14,2024-11-11 15:13:14,Faulkner-Howard,UK
1e08c3de-02af-4682-a1ed-dbb889b8d8c3,2024-09-02 10:47:31,2024-09-03 10:47:31,Levy Group,USA
189b2f4c-e7cd-4db4-a734-b26ba3761ea7,2024-01-30 06:12:56,2024-02-02 06:12:56,"Garcia, Hamilton and Carr",USA
8f7f7de2-4e55-4d23-bc8d-596ee10a6472,2024-01-18 08:05:00,2024-01-19 08:05:00,Archer-Patel,USA
fdfecd35-7217-4528-81d6-40197b5e11ee,2024-12-16 06:34:25,2024-12-30 06:34:25,Sheppard-Tucker,USA
f71fefb6-38ef-4b9a-b5a6-08014417b91f,2024-12-28 20:12:36,2024-12-31 20:12:36,"Jones, Jefferson and Rivera",USA
db32e575-1b17-42ba-b8fb-5407d3182a8d,2024-01-16 12:38:48,2024-01-26 12:38:48,Wagner LLC,USA
bd100700-c96e-449e-9de5-28bd0cb4ee4f,2024-07-07 19:23:13,2024-07-20 19:23:13,"Jones, Jefferson and Rivera",USA
4d66ff9c-edef-4321-9ffa-f2eb0e534a2e,2024-04-09 04:22:23,2024-04-18 04:22:23,Faulkner-Howard,UK
2f88c082-58eb-4f41-bfb3-91826b6559de,2024-12-15 22:35:39,2024-12-27 22:35:39,Archer-Patel,USA
61f50ff5-f9ab-4646-b3f4-cc3399453e05,2024-01-11 08:27:06,2024-01-22 08:27:06,Faulkner-Howard,UK
52182c5d-990a-42aa-a570-d3b274e601fa,2024-07-20 23:20:24,2024-07-28 23:20:24,"Garcia, Hamilton and Carr",USA
cdd5d836-0575-4b08-ab55-147bd953d067,2024-09-15 20:20:03,2024-09-16 20:20:03,"Garcia, Hamilton and Carr",USA
3fd14bfd-322e-4388-a9b4-b3addf9b16e9,2024-08-09 01:51:27,2024-08-11 01:51:27,"Garcia, Hamilton and Carr",USA
167b0c16-1b70-490c-a9e7-2e49929a61e3,2024-08-10 01:31:57,2024-08-16 01:31:57,Chang-Fisher,USA
c27ea0bc-558b-44ef-aef3-330a4a545cfd,2024-12-06 03:46:04,2024-12-20 03:46:04,Sheppard-Tucker,USA
c100ac37-e8c5-4889-a390-bfa1db0876b5,2024-03-24 21:04:25,2024-03-26 21:04:25,"Patrick, Barrera and Collins",USA
c259424a-b123-46c3-9f9a-0e0b9add7007,2024-03-30 04:32:31,2024-04-09 04:32:31,Archer-Patel,USA
ec423624-8fd1-42fd-b664-98bb75900cc6,2024-02-06 07:15:41,2024-02-16 07:15:41,"Jones, Jefferson and Rivera",USA
50aee33f-a9e7-49ee-8228-56ed123a81ad,2024-10-28 12:02:16,2024-11-03 12:02:16,"Patrick, Barrera and Collins",USA
3cbf6534-c2d3-424d-9293-294f22b6dcd7,2024-11-14 05:18:27,2024-11-23 05:18:27,Archer-Patel,USA
455f6672-daae-4b52-8844-7b542d8fccb4,2024-12-09 13:52:17,2024-12-23 13:52:17,Sheppard-Tucker,USA
ba245a90-e908-4061-8a5f-dfdad4373a5f,2024-12-11 03:57:21,2024-12-14 03:57:21,Archer-Patel,USA
501d621c-f593-4d57-bb9d-31660b5590a0,2024-08-31 16:03:01,2024-09-01 16:03:01,Faulkner-Howard,UK
d61e7155-bfce-4b89-a373-e349609ad762,2024-10-29 16:29:40,2024-11-10 16:29:40,Faulkner-Howard,UK
3682aaac-e0fb-4ff1-8309-f9c8843b258c,2024-07-14 02:49:38,2024-07-15 02:49:38,Archer-Patel,USA
5bf61ca6-6053-4e25-a8b7-297fa69fac07,2024-09-28 06:30:52,2024-10-08 06:30:52,Wagner LLC,USA
1311e672-7216-4148-8174-146d87efbc39,2024-07-22 09:20:43,2024-07-23 09:20:43,"Patrick, Barrera and Collins",USA
f855f670-f86c-46d1-b960-56e4a36c90dd,2024-06-12 03:43:09,2024-06-23 03:43:09,Chang-Fisher,USA
0aca5367-2383-46ce-b47b-0a8c38e45c00,2024-07-15 22:34:38,2024-07-27 22:34:38,Campos PLC,France
9b3cd028-5032-4f54-87c6-f6d13c2b7a9f,2024-04-28 13:42:36,2024-05-11 13:42:36,"Patrick, Barrera and Collins",USA
d7f43ae7-4af5-40f1-a50c-62b3e88b8f4d,2024-02-14 01:22:59,2024-02-15 01:22:59,Levy Group,USA
942dd0b0-27e1-4ad2-85a0-aca2b0a0e9d0,2024-02-26 13:55:59,2024-03-10 13:55:59,Faulkner-Howard,UK
458ffb8b-d0c2-4dbe-95f9-ef81244b9876,2024-06-14 10:19:49,2024-06-20 10:19:49,Sheppard-Tucker,USA
dfa2757c-17df-4d41-9b14-c3bb1af00dd1,2024-12-12 08:34:15,2024-12-19 08:34:15,Chang-Fisher,USA
ef43048d-3b5e-4782-861b-e56c4a4e6a77,2024-08-07 19:37:23,2024-08-15 19:37:23,Archer-Patel,USA
95df118c-2c17-446a-a478-bda01806091f,2024-06-12 21:51:06,2024-06-22 21:51:06,Levy Group,USA
e77570b8-d9a1-4d4a-9ac7-14ced9e57107,2024-12-24 09:52:13,2024-12-31 09:52:13,Campos PLC,France
7feb31bb-e4a1-44dc-9663-e1e15896fcf8,2024-02-02 15:14:07,2024-02-13 15:14:07,Campos PLC,France
c6d47c2e-f3f1-4a87-a64e-fde43ab8ac72,2024-12-29 09:51:59,2024-12-31 09:51:59,"Jones, Jefferson and Rivera",USA
446e9c48-0eb5-430d-9138-fb742a0a3a8b,2024-02-10 16:28:37,2024-02-17 16:28:37,Faulkner-Howard,UK
d4d4cfb9-e81d-45e5-b2b9-23c0e253e6d8,2024-06-10 10:03:24,2024-06-11 10:03:24,"Jones, Jefferson and Rivera",USA
092aba32-007e-478c-8a7b-051cd89deeba,2024-01-25 10:28:59,2024-02-07 10:28:59,Campos PLC,France
a7bb0a7e-9763-41e9-98b5-da0ebb10eba3,2024-02-08 12:42:48,2024-02-12 12:42:48,"Patrick, Barrera and Collins",USA
19f28ebc-59dc-4c5b-962a-f37ec1f5be52,2024-06-10 05:35:06,2024-06-12 05:35:06,Archer-Patel,USA
5527d08a-24da-4024-8f84-cbd44def0462,2024-10-27 12:30:48,2024-10-29 12:30:48,Sheppard-Tucker,USA
ef8625b6-bf6e-4cd4-a5a5-d8b0b2346bde,2024-03-01 15:29:18,2024-03-02 15:29:18,Archer-Patel,USA
b87edf64-ea00-4d2e-9e9c-6ca6896a7a0a,2024-10-12 03:58:46,2024-10-13 03:58:46,Faulkner-Howard,UK
d665954d-e963-48d4-9120-5327f3f46c18,2024-01-12 22:09:09,2024-01-19 22:09:09,Levy Group,USA
406106b7-9f76-4934-a2d5-31033a14ae47,2024-11-03 07:50:59,2024-11-15 07:50:59,Chang-Fisher,USA
4753683b-810e-481e-b32d-445aaf84c9dd,2024-06-22 11:43:08,2024-06-28 11:43:08,"Jones, Jefferson and Rivera",USA
846218d5-7768-47fd-998a-a15e5a4e65e1,2024-06-16 10:00:56,2024-06-29 10:00:56,"Garcia, Hamilton and Carr",USA
212ff0df-cf60-41e5-8a35-6b5de4e477a0,2024-09-23 13:52:49,2024-10-05 13:52:49,"Jones, Jefferson and Rivera",USA
03463805-207b-43cf-9746-98c5ec6585fa,2024-06-10 22:54:12,2024-06-18 22:54:12,Sheppard-Tucker,USA
1c2702e9-4761-4a98-a535-67d47199effe,2024-01-12 16:52:17,2024-01-26 16:52:17,Chang-Fisher,USA
bd0d37bf-56c9-4590-87aa-093fa82ea1c6,2024-07-11 20:52:42,2024-07-20 20:52:42,"Patrick, Barrera and Collins",USA
589f3dc1-0016-4de5-9c0b-124e7f2185c4,2024-12-23 00:19:57,2024-12-31 00:19:57,Campos PLC,France
f3507d83-dcee-4496-b1e1-211bf085e0ac,2024-12-01 13:36:04,2024-12-02 13:36:04,"Garcia, Hamilton and Carr",USA
8c54f3cb-229b-4878-8eb3-b1e2f78d8cc2,2024-05-06 00:33:03,2024-05-08 00:33:03,Sheppard-Tucker,USA
86d266ad-20bb-467e-8419-da62aaeb651b,2024-10-07 14:35:12,2024-10-13 14:35:12,Archer-Patel,USA
5b46e1b4-24ae-4a10-9b0d-129640330854,2024-04-08 02:16:17,2024-04-10 02:16:17,"Jones, Jefferson and Rivera",USA
7d43d738-d69e-4155-9339-7b20e3d7779e,2024-01-31 12:01:56,2024-02-01 12:01:56,Faulkner-Howard,UK
c81043d9-f6f2-4a13-bc93-7f9a3a335f2e,2024-05-16 21:33:58,2024-05-25 21:33:58,Campos PLC,France
d9679e48-0c37-461c-9d97-7df6b0c44c9b,2024-01-28 07:31:05,2024-01-29 07:31:05,Chang-Fisher,USA
767ef1d8-cf7c-444c-8d8f-b04c65d527ad,2024-02-17 03:19:29,2024-02-24 03:19:29,Archer-Patel,USA
9353b26e-a8a1-4493-b94b-1ca3660ed365,2024-05-19 12:29:00,2024-05-22 12:29:00,"Garcia, Hamilton and Carr",USA
e9e3d403-49b5-4e0e-b11e-d025b5416337,2024-09-25 15:48:42,2024-10-07 15:48:42,Faulkner-Howard,UK
e09ba9c0-bdf9-4a47-8186-535c35f2868f,2024-01-12 09:49:05,2024-01-15 09:49:05,Faulkner-Howard,UK
1e54f24a-7a21-44b5-a6e4-8ef6b45b739d,2024-05-14 03:46:54,2024-05-27 03:46:54,Faulkner-Howard,UK
cecf94d3-0cfe-4dfa-9783-9a51aa262af8,2024-05-15 02:27:19,2024-05-26 02:27:19,Wagner LLC,USA
abbc45e6-54e7-4325-bc6f-8d2c0f8146a6,2024-03-10 02:13:10,2024-03-20 02:13:10,Archer-Patel,USA
bfe5319d-191b-4ec4-b749-853ab0653aa1,2024-01-04 20:52:24,2024-01-05 20:52:24,"Jones, Jefferson and Rivera",USA
e288071c-4546-46fa-a81b-76f6d16b4ddf,2024-11-18 10:40:39,2024-11-29 10:40:39,"Patrick, Barrera and Collins",USA
eca15230-bdd4-4aef-86d9-84b7a036179b,2024-03-30 12:21:19,2024-03-31 12:21:19,Wagner LLC,USA
550be342-c9a8-4af2-9f5c-71cb7a32d5a2,2024-11-14 01:41:44,2024-11-18 01:41:44,Campos PLC,France
23bc0818-7bdb-4eee-89a0-57abcaf49a0d,2024-05-22 01:31:34,2024-05-28 01:31:34,Faulkner-Howard,UK
79d599eb-ca85-4fa9-b51d-c0b0952bb656,2024-01-28 09:16:18,2024-02-01 09:16:18,Archer-Patel,USA
fb8c354e-6ebd-4820-ada0-88ada337d91b,2024-08-19 16:36:46,2024-08-23 16:36:46,Faulkner-Howard,UK
98dfb8c9-0356-4ca7-aeaf-e42ddfaef689,2024-12-12 23:25:07,2024-12-19 23:25:07,"Jones, Jefferson and Rivera",USA
4c95592d-f7e2-4597-8686-b7c469352639,2024-02-25 15:34:12,2024-03-02 15:34:12,Levy Group,USA
b7f5bab3-8148-454d-804d-bf885fd727e8,2024-03-21 18:29:45,2024-03-24 18:29:45,"Patrick, Barrera and Collins",USA
dd91fd0b-d9ca-4b66-963d-3651da5f05d4,2024-01-02 06:07:31,2024-01-12 06:07:31,Chang-Fisher,USA
75b8cc03-33cf-44b9-afd2-02c19c52ef78,2024-03-20 12:47:18,2024-03-23 12:47:18,Levy Group,USA
17ae7ceb-8327-477f-9615-7edb6649c187,2024-09-12 22:29:51,2024-09-13 22:29:51,"Patrick, Barrera and Collins",USA
d78a09a9-9484-4e04-81ab-f7c00a3d32ea,2024-09-18 15:53:25,2024-09-30 15:53:25,Faulkner-Howard,UK
1bdeae5e-a3f2-424c-92d5-d5acf6670c7d,2024-10-11 07:40:49,2024-10-14 07:40:49,Chang-Fisher,USA
040cfd72-f1bc-4255-afbf-a3a4d0d99e25,2024-12-15 21:02:00,2024-12-16 21:02:00,Archer-Patel,USA
747f95f5-4fb3-44a7-bb66-e2d9c234da90,2024-02-17 20:11:47,2024-02-26 20:11:47,Chang-Fisher,USA
f22f356a-aa1d-48d0-83d8-1d7974e5f697,2024-10-17 11:38:57,2024-10-18 11:38:57,Chang-Fisher,USA
4a945322-8bea-4a0d-9470-edf2c4004612,2024-01-03 18:57:54,2024-01-16 18:57:54,Sheppard-Tucker,USA
d3906b1e-3f83-4473-b00d-5a70b37f8ed6,2024-04-23 21:24:31,2024-05-03 21:24:31,Levy Group,USA
1cfe9fef-d257-4209-847a-a0ed34fc9b5d,2024-05-23 08:32:32,2024-05-26 08:32:32,Faulkner-Howard,UK
053dd079-2959-4c08-a81f-3e040e6e9f70,2024-09-24 18:17:36,2024-10-05 18:17:36,"Patrick, Barrera and Collins",USA
72c64879-7d59-4bf9-af72-6dbf9c215e38,2024-01-10 13:45:17,2024-01-23 13:45:17,Chang-Fisher,USA
99da3c7c-be9c-45d2-a3c7-04c574f38bd7,2024-12-28 06:12:52,2024-12-31 06:12:52,"Patrick, Barrera and Collins",USA
18dcc14d-71c1-44ca-a89c-7fda415b7240,2024-08-22 21:35:39,2024-09-01 21:35:39,Archer-Patel,USA
49f80818-a581-4699-9d44-4d380ff246c1,2024-03-31 10:26:29,2024-04-12 10:26:29,Wagner LLC,USA
9c50ec81-4ea9-4317-b31b-223c3ed38ae6,2024-11-29 16:05:49,2024-12-02 16:05:49,Archer-Patel,USA
188e9df1-f98b-48ed-9797-dcc3936ec6db,2024-02-25 02:29:12,2024-03-05 02:29:12,Wagner LLC,USA
cf38bb8d-f369-41b4-99b5-ee59f1a2dde8,2024-03-13 14:53:20,2024-03-22 14:53:20,"Patrick, Barrera and Collins",USA
ee4d78dd-f9ef-4113-ba1c-4e8d14a275e0,2024-06-25 08:02:05,2024-06-27 08:02:05,Faulkner-Howard,UK
2fad57b8-75c8-4c2c-97b4-73fe8be2ecb6,2024-02-13 15:33:37,2024-02-20 15:33:37,Levy Group,USA
55aa6c97-86d5-4ac3-a53e-9c2838824861,2024-07-04 03:06:33,2024-07-15 03:06:33,Archer-Patel,USA
43da5f48-63a7-4547-ad33-a87fe057081b,2024-05-13 18:30:10,2024-05-15 18:30:10,"Patrick, Barrera and Collins",USA
b479cdad-6e48-4ae9-83bc-ffa535db5590,2024-10-01 18:11:45,2024-10-08 18:11:45,Wagner LLC,USA
75703242-75dc-421b-bd50-442ce13fe056,2024-04-10 06:46:26,2024-04-18 06:46:26,"Patrick, Barrera and Collins",USA
f5d6ccce-127b-4f9e-8283-6d3e1e10b1cc,2024-02-20 13:09:27,2024-02-24 13:09:27,"Patrick, Barrera and Collins",USA
7e958084-93c5-4377-8773-4fb760de8694,2024-01-11 20:23:04,2024-01-15 20:23:04,"Jones, Jefferson and Rivera",USA
33dec96b-13b6-440c-b88d-cf38ccb01953,2024-03-21 19:49:12,2024-03-28 19:49:12,Levy Group,USA
065af56b-18dd-4040-b710-570ebc1e3cb3,2024-05-20 16:19:13,2024-05-22 16:19:13,Campos PLC,France
977ec75e-0d2e-4f66-ba10-4bbd9e0db4d4,2024-05-10 02:32:56,2024-05-15 02:32:56,"Garcia, Hamilton and Carr",USA
53ccb666-5684-4eff-af53-648c1e29b1a4,2024-07-02 20:07:54,2024-07-08 20:07:54,"Garcia, Hamilton and Carr",USA
a6be9456-29cc-4da6-bbb8-7109dc0e2e11,2024-04-23 15:31:40,2024-04-24 15:31:40,Levy Group,USA
143593bd-e486-4ac0-a0a3-c8ad7d013cf4,2024-04-25 02:09:03,2024-05-05 02:09:03,"Jones, Jefferson and Rivera",USA
007d0909-1dc2-4a0d-bb3f-a925321bd09b,2024-12-29 22:39:18,2024-12-31 22:39:18,Campos PLC,France
59217f31-e6e3-48ba-8e84-092e2b1848bb,2024-12-07 03:22:38,2024-12-08 03:22:38,Levy Group,USA
ed441d7b-e3c3-40ec-8cfb-2d9502ed5649,2024-08-02 20:14:23,2024-08-08 20:14:23,"Patrick, Barrera and Collins",USA
5794e2d5-24d5-49eb-b054-40ea0c97ffd2,2024-09-03 23:09:50,2024-09-14 23:09:50,Sheppard-Tucker,USA
3119562d-96bc-415d-aee0-d2408d5f1185,2024-05-06 23:42:47,2024-05-15 23:42:47,Chang-Fisher,USA
ce35be45-18d7-42b5-af05-6ac5b9ea0483,2024-03-12 11:25:43,2024-03-15 11:25:43,"Patrick, Barrera and Collins",USA
d42f064d-9aab-455f-9fa9-83907f27812b,2024-08-18 07:20:28,2024-08-19 07:20:28,"Patrick, Barrera and Collins",USA
aed545d1-82ac-43bf-afab-bca2586e3ca6,2024-02-01 09:11:40,2024-02-13 09:11:40,"Patrick, Barrera and Collins",USA
826cbee2-bb27-4e71-afec-ceec6b855525,2024-02-09 20:07:08,2024-02-16 20:07:08,Sheppard-Tucker,USA
6e2a15f5-0b30-4404-a016-5f2d89bfb3aa,2024-07-26 02:02:38,2024-08-07 02:02:38,"Jones, Jefferson and Rivera",USA
8e45c3d7-097f-4b8d-8504-14ca9e652b63,2024-08-13 13:54:31,2024-08-23 13:54:31,"Jones, Jefferson and Rivera",USA
2558c1eb-e3df-4253-af6e-38a85d7cb93a,2024-04-29 12:33:15,2024-05-02 12:33:15,Faulkner-Howard,UK
acd0a207-a9e6-447b-abd8-649394582aba,2024-03-01 17:46:55,2024-03-07 17:46:55,"Jones, Jefferson and Rivera",USA
23f4142c-dbe5-4296-82aa-f32662701cc7,2024-05-26 06:03:47,2024-06-02 06:03:47,Faulkner-Howard,UK
7c3462e8-daba-4667-8da9-92cd529edf89,2024-12-14 14:56:25,2024-12-24 14:56:25,Campos PLC,France
65d5c15f-ea1c-47ad-ab42-e9ea6893c76c,2024-02-27 01:27:27,2024-03-11 01:27:27,"Garcia, Hamilton and Carr",USA
838b8a83-63bc-45cf-b00e-44072fe9e9ab,2024-02-18 15:17:02,2024-02-20 15:17:02,Archer-Patel,USA
bc518089-459b-4cb4-a266-19c562676de3,2024-11-08 09:27:39,2024-11-14 09:27:39,Faulkner-Howard,UK
9844aa82-169c-485c-b151-d4b1abd1e3c8,2024-03-27 12:48:32,2024-04-07 12:48:32,Archer-Patel,USA
c78bb90b-3ed7-4a29-831c-793d9b0a70ac,2024-05-02 16:19:17,2024-05-15 16:19:17,"Jones, Jefferson and Rivera",USA
b2d77c86-aa70-457d-a3c7-2f0d34ef27b9,2024-07-16 10:00:06,2024-07-27 10:00:06,"Garcia, Hamilton and Carr",USA
a10ea7ee-587a-4629-815b-308aff24ff68,2024-04-04 07:25:14,2024-04-17 07:25:14,Chang-Fisher,USA
fe82c2a9-b8a2-44e9-a9d0-5c496b72f06e,2024-04-01 21:48:17,2024-04-05 21:48:17,Campos PLC,France
89f35b4b-1318-43d0-9643-cb12a8c6309e,2024-10-20 03:47:25,2024-10-23 03:47:25,Levy Group,USA
a7b26584-e4f7-41af-8fc2-dd8706d35760,2024-03-12 10:29:10,2024-03-18 10:29:10,Campos PLC,France
9d462d97-4397-47df-811b-819ffb197911,2024-04-23 00:52:16,2024-04-30 00:52:16,Chang-Fisher,USA
b14513ba-4c9d-44ff-85b4-42588fb5af0e,2024-05-24 15:35:48,2024-05-29 15:35:48,"Garcia, Hamilton and Carr",USA
8e17d3e7-f5d8-4765-a38d-ffcd97f206a0,2024-06-12 00:40:59,2024-06-19 00:40:59,Chang-Fisher,USA
7f9b39f7-d5a2-4bca-82c4-cf2831dab8b5,2024-09-14 13:25:48,2024-09-25 13:25:48,"Patrick, Barrera and Collins",USA
623a80a3-390a-463f-9597-0fa769215607,2024-01-18 23:08:02,2024-01-23 23:08:02,"Patrick, Barrera and Collins",USA
74d8161f-b7f5-482f-ab63-8bc3df3a5aed,2024-11-30 08:51:53,2024-12-12 08:51:53,Wagner LLC,USA
e22e9165-83c0-422d-9945-ef41020b915a,2024-02-21 08:30:30,2024-02-27 08:30:30,Faulkner-Howard,UK
b1ff384d-10f9-4793-8b65-d8d053ebf5c7,2024-08-21 11:40:00,2024-08-24 11:40:00,Sheppard-Tucker,USA
582b2610-dd1f-4892-a075-3d2b992a8a6a,2024-01-08 23:32:10,2024-01-18 23:32:10,Archer-Patel,USA
a9e62152-6e2f-4564-b43e-ef63428a6331,2024-06-01 22:29:34,2024-06-04 22:29:34,Chang-Fisher,USA
7cfb61f5-74f7-42f8-9420-5b410bae089a,2024-01-31 06:16:38,2024-02-07 06:16:38,Levy Group,USA
fc72ccb4-7b84-41f3-8226-e9a919737c90,2024-09-29 16:41:39,2024-10-06 16:41:39,"Jones, Jefferson and Rivera",USA
b906152b-6475-422f-8446-d2bf375a69d2,2024-01-29 10:22:38,2024-01-31 10:22:38,Sheppard-Tucker,USA
5394941e-8958-45f3-8b35-d4ad4ac381ce,2024-02-21 06:31:05,2024-03-05 06:31:05,"Patrick, Barrera and Collins",USA
e008e686-57d2-4f27-a10e-eb928110c5ca,2024-06-12 04:50:36,2024-06-21 04:50:36,"Garcia, Hamilton and Carr",USA
d077d7ba-32c5-4034-9154-b699b5ef8f51,2024-04-26 06:29:09,2024-04-29 06:29:09,Faulkner-Howard,UK
9a8ff488-4481-4e4a-b685-0466bc987fcd,2024-08-01 21:36:55,2024-08-04 21:36:55,Wagner LLC,USA
1372d06f-cef6-4c09-8278-956209980cca,2024-06-10 20:23:06,2024-06-13 20:23:06,Wagner LLC,USA
c3e8166f-06d4-46a0-9ad7-210e865f36ef,2024-10-14 17:29:27,2024-10-15 17:29:27,"Garcia, Hamilton and Carr",USA
d9e722e2-c9a5-454d-96e5-3edce0c7cd7d,2024-12-25 18:38:25,2024-12-28 18:38:25,"Jones, Jefferson and Rivera",USA
5afe1f5c-4cb3-442b-bfb4-cddef15bda6d,2024-02-25 06:10:41,2024-03-02 06:10:41,Levy Group,USA
09e41019-e821-4fe3-b4d0-e57a2d8b34bb,2024-08-17 13:13:56,2024-08-29 13:13:56,Campos PLC,France
bad549ce-d755-4b7f-a310-53efcd40316f,2024-06-12 23:05:03,2024-06-24 23:05:03,Archer-Patel,USA
09cb84ad-5509-4417-a57a-b7d87953205f,2024-04-25 17:49:23,2024-05-06 17:49:23,Sheppard-Tucker,USA
51438028-4cfb-464b-9f81-de42d38cecf4,2024-09-04 08:57:13,2024-09-17 08:57:13,"Patrick, Barrera and Collins",USA
ffac3337-b8ca-47cb-abf6-65a397e9bcda,2024-05-17 16:46:37,2024-05-30 16:46:37,Campos PLC,France
22fe8fc6-3592-4380-81c5-1880a29f365d,2024-02-02 20:06:58,2024-02-05 20:06:58,Archer-Patel,USA
afa1a985-6a4a-46f7-9498-68266b569dfe,2024-04-06 08:04:22,2024-04-17 08:04:22,"Garcia, Hamilton and Carr",USA
aedc9a5d-e6d4-4334-b5f2-0d84d782e6c2,2024-06-21 17:56:25,2024-06-27 17:56:25,"Garcia, Hamilton and Carr",USA
8a508b19-3270-42a8-873a-a728215ea6e6,2024-09-02 17:55:39,2024-09-14 17:55:39,Faulkner-Howard,UK
2a4aaffa-4b27-4c76-846f-fc8cfc41c92f,2024-05-23 09:42:56,2024-05-30 09:42:56,"Garcia, Hamilton and Carr",USA
e60e18f2-35da-4de1-8097-e9291d31d113,2024-09-04 09:41:06,2024-09-09 09:41:06,Wagner LLC,USA
018d1483-2904-423a-a406-8feeb5c8f191,2024-07-24 12:34:10,2024-07-31 12:34:10,Archer-Patel,USA
fbc9e0d2-716f-4c07-9ca2-c6834132784c,2024-01-23 11:16:02,2024-01-30 11:16:02,"Jones, Jefferson and Rivera",USA
c467c7be-00b9-4024-9e52-0a494d04bea3,2024-05-26 04:35:53,2024-06-04 04:35:53,Campos PLC,France
07c10f2f-b463-4a3b-9ee5-61564bd118da,2024-06-07 16:40:20,2024-06-14 16:40:20,"Patrick, Barrera and Collins",USA
9d13dcd4-8510-4b5c-8c2d-4c02463530c5,2024-01-04 06:33:03,2024-01-18 06:33:03,Sheppard-Tucker,USA
59fc479e-ab5b-4216-a550-b3f5a87671f7,2024-06-11 00:49:23,2024-06-22 00:49:23,Faulkner-Howard,UK
b097176c-9061-4495-a2b6-a844acf0c2f9,2024-10-09 19:08:03,2024-10-12 19:08:03,Chang-Fisher,USA
f35ec1d8-7f82-4b16-bf27-a22d469a121b,2024-12-16 00:22:25,2024-12-26 00:22:25,Levy Group,USA
d4902c21-d72f-4f23-b828-878d2af24ed2,2024-05-04 12:52:13,2024-05-15 12:52:13,"Garcia, Hamilton and Carr",USA
5d88822e-4772-4964-99ad-e8c45c542eef,2024-06-20 09:11:23,2024-06-22 09:11:23,Wagner LLC,USA
b5889794-dc7c-45cb-ac06-ec30b6ca8317,2024-03-20 05:19:37,2024-03-30 05:19:37,Levy Group,USA
f67b1249-79ea-4f1d-aed4-b4b74ef9362b,2024-05-24 07:31:52,2024-06-02 07:31:52,Sheppard-Tucker,USA
231d6fe0-b88a-4607-bfc5-bb8faed2985b,2024-04-23 21:51:45,2024-04-28 21:51:45,Levy Group,USA
